{"type": "FeatureCollection", "features": [{"type": "Feature", "id": 1, "geometry": {"type": "MultiPolygon", "coordinates": [[[[93.95, 6.934], [93.95, 6.935], [93.949, 6.936], [93.95, 6.934]]], [[[93.701, 7.229], [93.701, 7.209], [93.708, 7.207], [93.701, 7.229]]], [[[93.837, 7.24], [93.676, 7.193], [93.643, 7.127], [93.655, 7.005], [93.7, 7.025], [93.733, 6.975], [93.738, 7.0], [93.732, 6.922], [93.822, 6.753], [93.847, 6.835], [93.876, 6.793], [93.898, 6.813], [93.891, 6.901], [93.941, 6.954], [93.91, 6.999], [93.945, 7.001], [93.837, 7.24]]], [[[93.797, 7.245], [93.798, 7.249], [93.787, 7.243], [93.797, 7.245]]], [[[93.838, 7.291], [93.833, 7.29], [93.834, 7.287], [93.838, 7.291]]], [[[93.62, 7.331], [93.619, 7.325], [93.623, 7.328], [93.62, 7.331]]], [[[93.756, 7.406], [93.75, 7.399], [93.757, 7.396], [93.756, 7.406]]], [[[93.684, 7.4], [93.67, 7.409], [93.674, 7.398], [93.684, 7.4]]], [[[93.699, 7.447], [93.702, 7.394], [93.619, 7.374], [93.636, 7.243], [93.744, 7.361], [93.699, 7.447]]], [[[93.631, 7.472], [93.631, 7.473], [93.631, 7.472], [93.631, 7.472]]], [[[93.637, 7.478], [93.632, 7.473], [93.641, 7.471], [93.637, 7.478]]], [[[93.623, 7.478], [93.623, 7.482], [93.619, 7.483], [93.623, 7.478]]], [[[93.523, 7.53], [93.532, 7.514], [93.534, 7.525], [93.523, 7.53]]], [[[93.442, 7.876], [93.441, 7.878], [93.441, 7.877], [93.442, 7.876]]], [[[93.387, 7.89], [93.387, 7.892], [93.386, 7.891], [93.387, 7.89]]], [[[93.389, 7.9], [93.387, 7.896], [93.39, 7.891], [93.389, 7.9]]], [[[93.394, 7.902], [93.39, 7.902], [93.391, 7.9], [93.394, 7.902]]], [[[93.397, 7.902], [93.395, 7.899], [93.399, 7.898], [93.397, 7.902]]], [[[93.327, 7.93], [93.323, 7.932], [93.323, 7.93], [93.327, 7.93]]], [[[93.338, 7.937], [93.339, 7.943], [93.335, 7.939], [93.338, 7.937]]], [[[93.477, 8.009], [93.477, 8.01], [93.477, 8.009], [93.477, 8.009]]], [[[93.479, 8.009], [93.478, 8.011], [93.477, 8.01], [93.479, 8.009]]], [[[93.476, 8.013], [93.475, 8.015], [93.475, 8.014], [93.476, 8.013]]], [[[93.475, 8.015], [93.475, 8.016], [93.474, 8.015], [93.475, 8.015]]], [[[93.475, 8.016], [93.476, 8.017], [93.475, 8.017], [93.475, 8.016]]], [[[93.369, 8.024], [93.32, 8.007], [93.308, 7.934], [93.342, 7.947], [93.368, 7.878], [93.412, 7.907], [93.454, 7.872], [93.452, 7.939], [93.369, 8.024]]], [[[93.536, 8.028], [93.544, 7.991], [93.522, 8.026], [93.497, 7.987], [93.569, 7.928], [93.536, 8.028]]], [[[93.474, 8.035], [93.475, 8.036], [93.474, 8.036], [93.474, 8.035]]], [[[93.494, 8.049], [93.494, 8.047], [93.495, 8.048], [93.494, 8.049]]], [[[93.514, 8.064], [93.514, 8.065], [93.514, 8.065], [93.514, 8.064]]], [[[93.515, 8.069], [93.515, 8.069], [93.514, 8.069], [93.515, 8.069]]], [[[93.514, 8.075], [93.514, 8.076], [93.513, 8.075], [93.514, 8.075]]], [[[93.576, 8.12], [93.553, 8.12], [93.585, 8.038], [93.576, 8.12]]], [[[93.194, 8.186], [93.194, 8.187], [93.194, 8.187], [93.194, 8.186]]], [[[93.197, 8.19], [93.197, 8.191], [93.197, 8.19], [93.197, 8.19]]], [[[93.188, 8.19], [93.188, 8.191], [93.188, 8.191], [93.188, 8.19]]], [[[93.187, 8.194], [93.186, 8.194], [93.186, 8.194], [93.187, 8.194]]], [[[93.176, 8.194], [93.175, 8.194], [93.175, 8.194], [93.176, 8.194]]], [[[93.188, 8.195], [93.188, 8.195], [93.188, 8.195], [93.188, 8.195]]], [[[93.211, 8.197], [93.211, 8.197], [93.211, 8.197], [93.211, 8.197]]], [[[93.127, 8.216], [93.127, 8.216], [93.127, 8.216], [93.127, 8.216]]], [[[93.117, 8.219], [93.118, 8.219], [93.117, 8.219], [93.117, 8.219]]], [[[93.117, 8.22], [93.117, 8.22], [93.117, 8.22], [93.117, 8.22]]], [[[93.234, 8.224], [93.234, 8.224], [93.234, 8.224], [93.234, 8.224]]], [[[93.227, 8.225], [93.226, 8.224], [93.227, 8.225], [93.227, 8.225]]], [[[93.242, 8.233], [93.242, 8.233], [93.242, 8.233], [93.242, 8.233]]], [[[93.242, 8.234], [93.242, 8.234], [93.242, 8.234], [93.242, 8.234]]], [[[93.242, 8.234], [93.242, 8.234], [93.242, 8.234], [93.242, 8.234]]], [[[93.513, 8.235], [93.437, 8.17], [93.476, 8.053], [93.521, 8.08], [93.476, 8.046], [93.491, 7.998], [93.498, 8.036], [93.541, 8.036], [93.493, 8.146], [93.537, 8.202], [93.513, 8.235]]], [[[93.226, 8.266], [93.21, 8.251], [93.23, 8.222], [93.226, 8.266]]], [[[93.227, 8.267], [93.227, 8.267], [93.226, 8.267], [93.227, 8.267]]], [[[93.117, 8.357], [93.076, 8.273], [93.191, 8.196], [93.12, 8.273], [93.117, 8.357]]], [[[93.626, 8.394], [93.626, 8.395], [93.625, 8.394], [93.626, 8.394]]], [[[93.627, 8.395], [93.628, 8.395], [93.627, 8.395], [93.627, 8.395]]], [[[93.633, 8.395], [93.631, 8.395], [93.633, 8.394], [93.633, 8.395]]], [[[93.627, 8.395], [93.627, 8.395], [93.627, 8.395], [93.627, 8.395]]], [[[93.635, 8.395], [93.646, 8.391], [93.643, 8.395], [93.635, 8.395]]], [[[93.626, 8.396], [93.626, 8.396], [93.626, 8.396], [93.626, 8.396]]], [[[93.625, 8.398], [93.625, 8.397], [93.626, 8.397], [93.625, 8.398]]], [[[93.623, 8.398], [93.623, 8.398], [93.623, 8.398], [93.623, 8.398]]], [[[93.624, 8.397], [93.624, 8.399], [93.624, 8.398], [93.624, 8.397]]], [[[93.623, 8.398], [93.623, 8.399], [93.623, 8.398], [93.623, 8.398]]], [[[93.624, 8.398], [93.623, 8.399], [93.623, 8.398], [93.624, 8.398]]], [[[93.623, 8.399], [93.623, 8.399], [93.623, 8.399], [93.623, 8.399]]], [[[93.623, 8.399], [93.623, 8.399], [93.623, 8.399], [93.623, 8.399]]], [[[93.623, 8.4], [93.623, 8.401], [93.622, 8.4], [93.623, 8.4]]], [[[93.623, 8.4], [93.623, 8.401], [93.623, 8.4], [93.623, 8.4]]], [[[93.623, 8.401], [93.623, 8.401], [93.623, 8.401], [93.623, 8.401]]], [[[93.622, 8.401], [93.622, 8.401], [93.622, 8.401], [93.622, 8.401]]], [[[93.623, 8.402], [93.623, 8.402], [93.622, 8.402], [93.623, 8.402]]], [[[93.614, 8.418], [93.614, 8.419], [93.613, 8.419], [93.614, 8.418]]], [[[93.613, 8.419], [93.613, 8.42], [93.613, 8.42], [93.613, 8.419]]], [[[93.613, 8.42], [93.613, 8.421], [93.612, 8.421], [93.613, 8.42]]], [[[93.614, 8.421], [93.614, 8.421], [93.613, 8.421], [93.614, 8.421]]], [[[93.613, 8.423], [93.613, 8.423], [93.612, 8.423], [93.613, 8.423]]], [[[93.607, 8.432], [93.607, 8.433], [93.606, 8.433], [93.607, 8.432]]], [[[93.607, 8.436], [93.607, 8.436], [93.606, 8.436], [93.607, 8.436]]], [[[93.05, 8.442], [93.05, 8.443], [93.049, 8.442], [93.05, 8.442]]], [[[93.05, 8.443], [93.05, 8.443], [93.049, 8.443], [93.05, 8.443]]], [[[93.05, 8.443], [93.05, 8.444], [93.05, 8.443], [93.05, 8.443]]], [[[93.05, 8.445], [93.05, 8.445], [93.05, 8.445], [93.05, 8.445]]], [[[93.05, 8.445], [93.05, 8.445], [93.05, 8.445], [93.05, 8.445]]], [[[93.05, 8.445], [93.05, 8.445], [93.05, 8.445], [93.05, 8.445]]], [[[93.05, 8.446], [93.05, 8.446], [93.05, 8.445], [93.05, 8.446]]], [[[93.607, 8.458], [93.606, 8.457], [93.608, 8.457], [93.607, 8.458]]], [[[93.611, 8.459], [93.611, 8.46], [93.61, 8.459], [93.611, 8.459]]], [[[93.626, 8.47], [93.626, 8.471], [93.625, 8.471], [93.626, 8.47]]], [[[93.044, 8.464], [93.029, 8.468], [93.033, 8.442], [93.044, 8.464]]], [[[93.604, 8.487], [93.603, 8.488], [93.602, 8.487], [93.604, 8.487]]], [[[93.629, 8.487], [93.629, 8.488], [93.629, 8.488], [93.629, 8.487]]], [[[93.629, 8.488], [93.628, 8.488], [93.629, 8.488], [93.629, 8.488]]], [[[93.606, 8.498], [93.606, 8.499], [93.606, 8.498], [93.606, 8.498]]], [[[93.614, 8.502], [93.614, 8.502], [93.614, 8.502], [93.614, 8.502]]], [[[93.614, 8.502], [93.615, 8.503], [93.614, 8.503], [93.614, 8.502]]], [[[93.624, 8.503], [93.624, 8.503], [93.624, 8.503], [93.624, 8.503]]], [[[93.624, 8.503], [93.624, 8.503], [93.624, 8.503], [93.624, 8.503]]], [[[93.615, 8.504], [93.614, 8.505], [93.614, 8.504], [93.615, 8.504]]], [[[93.615, 8.505], [93.615, 8.505], [93.615, 8.505], [93.615, 8.505]]], [[[93.623, 8.505], [93.623, 8.505], [93.623, 8.505], [93.623, 8.505]]], [[[93.614, 8.505], [93.614, 8.505], [93.614, 8.505], [93.614, 8.505]]], [[[93.615, 8.505], [93.615, 8.506], [93.614, 8.505], [93.615, 8.505]]], [[[93.614, 8.505], [93.614, 8.506], [93.614, 8.506], [93.614, 8.505]]], [[[93.622, 8.508], [93.622, 8.508], [93.622, 8.508], [93.622, 8.508]]], [[[93.608, 8.522], [93.608, 8.523], [93.608, 8.523], [93.608, 8.522]]], [[[93.61, 8.523], [93.61, 8.523], [93.61, 8.523], [93.61, 8.523]]], [[[93.611, 8.526], [93.611, 8.526], [93.611, 8.527], [93.611, 8.526]]], [[[93.62, 8.527], [93.62, 8.528], [93.619, 8.527], [93.62, 8.527]]], [[[93.609, 8.528], [93.609, 8.528], [93.609, 8.528], [93.609, 8.528]]], [[[93.615, 8.529], [93.615, 8.53], [93.615, 8.529], [93.615, 8.529]]], [[[93.614, 8.53], [93.614, 8.531], [93.614, 8.531], [93.614, 8.53]]], [[[93.613, 8.533], [93.613, 8.533], [93.613, 8.533], [93.613, 8.533]]], [[[93.612, 8.537], [93.612, 8.537], [93.612, 8.537], [93.612, 8.537]]], [[[93.613, 8.538], [93.613, 8.539], [93.612, 8.539], [93.613, 8.538]]], [[[93.603, 8.539], [93.602, 8.539], [93.602, 8.539], [93.603, 8.539]]], [[[93.601, 8.55], [93.6, 8.55], [93.6, 8.55], [93.601, 8.55]]], [[[93.61, 8.549], [93.61, 8.55], [93.61, 8.55], [93.61, 8.549]]], [[[93.609, 8.551], [93.61, 8.551], [93.609, 8.551], [93.609, 8.551]]], [[[93.6, 8.558], [93.6, 8.558], [93.6, 8.558], [93.6, 8.558]]], [[[93.611, 8.558], [93.611, 8.558], [93.611, 8.558], [93.611, 8.558]]], [[[93.6, 8.558], [93.6, 8.558], [93.6, 8.558], [93.6, 8.558]]], [[[93.6, 8.559], [93.6, 8.559], [93.6, 8.559], [93.6, 8.559]]], [[[93.61, 8.558], [93.61, 8.559], [93.61, 8.559], [93.61, 8.558]]], [[[93.6, 8.558], [93.6, 8.559], [93.599, 8.559], [93.6, 8.558]]], [[[93.611, 8.558], [93.611, 8.559], [93.611, 8.559], [93.611, 8.558]]], [[[93.611, 8.561], [93.611, 8.561], [93.611, 8.561], [93.611, 8.561]]], [[[93.601, 8.561], [93.601, 8.562], [93.601, 8.562], [93.601, 8.561]]], [[[93.601, 8.562], [93.6, 8.562], [93.6, 8.562], [93.601, 8.562]]], [[[93.601, 8.563], [93.601, 8.563], [93.601, 8.563], [93.601, 8.563]]], [[[93.601, 8.564], [93.6, 8.564], [93.6, 8.563], [93.601, 8.564]]], [[[93.603, 8.563], [93.603, 8.564], [93.603, 8.563], [93.603, 8.563]]], [[[93.61, 8.564], [93.61, 8.564], [93.61, 8.564], [93.61, 8.564]]], [[[93.603, 8.565], [93.603, 8.565], [93.603, 8.565], [93.603, 8.565]]], [[[93.603, 8.565], [93.603, 8.566], [93.603, 8.565], [93.603, 8.565]]], [[[93.611, 8.566], [93.611, 8.566], [93.611, 8.566], [93.611, 8.566]]], [[[93.603, 8.567], [93.603, 8.567], [93.603, 8.567], [93.603, 8.567]]], [[[93.603, 8.567], [93.603, 8.567], [93.603, 8.567], [93.603, 8.567]]], [[[93.607, 8.57], [93.607, 8.57], [93.607, 8.57], [93.607, 8.57]]], [[[93.608, 8.57], [93.608, 8.57], [93.607, 8.57], [93.608, 8.57]]], [[[93.608, 8.571], [93.608, 8.571], [93.608, 8.571], [93.608, 8.571]]], [[[93.607, 8.573], [93.607, 8.574], [93.607, 8.573], [93.607, 8.573]]], [[[93.607, 8.574], [93.607, 8.574], [93.606, 8.574], [93.607, 8.574]]], [[[93.603, 8.574], [93.602, 8.574], [93.602, 8.574], [93.603, 8.574]]], [[[93.602, 8.574], [93.602, 8.574], [93.602, 8.574], [93.602, 8.574]]], [[[93.606, 8.574], [93.606, 8.575], [93.606, 8.574], [93.606, 8.574]]], [[[93.603, 8.575], [93.603, 8.575], [93.603, 8.575], [93.603, 8.575]]], [[[93.606, 8.575], [93.605, 8.575], [93.606, 8.575], [93.606, 8.575]]], [[[93.605, 8.575], [93.605, 8.575], [93.605, 8.575], [93.605, 8.575]]], [[[93.603, 8.575], [93.603, 8.575], [93.603, 8.575], [93.603, 8.575]]], [[[93.603, 8.575], [93.603, 8.576], [93.603, 8.576], [93.603, 8.575]]], [[[93.603, 8.576], [93.603, 8.576], [93.603, 8.576], [93.603, 8.576]]], [[[93.603, 8.576], [93.603, 8.577], [93.603, 8.577], [93.603, 8.576]]], [[[93.606, 8.574], [93.613, 8.423], [93.632, 8.468], [93.606, 8.574]]], [[[93.599, 8.583], [93.596, 8.583], [93.598, 8.58], [93.599, 8.583]]], [[[92.791, 9.241], [92.72, 9.219], [92.727, 9.125], [92.827, 9.139], [92.791, 9.241]]], [[[92.518, 10.901], [92.508, 10.863], [92.477, 10.862], [92.497, 10.897], [92.455, 10.867], [92.399, 10.744], [92.373, 10.783], [92.419, 10.616], [92.388, 10.532], [92.513, 10.511], [92.57, 10.579], [92.539, 10.615], [92.598, 10.679], [92.587, 10.788], [92.518, 10.901]]], [[[92.623, 10.926], [92.621, 10.925], [92.624, 10.922], [92.623, 10.926]]], [[[92.615, 10.935], [92.602, 10.936], [92.621, 10.927], [92.615, 10.935]]], [[[92.604, 10.941], [92.601, 10.941], [92.606, 10.94], [92.604, 10.941]]], [[[92.608, 10.942], [92.608, 10.943], [92.607, 10.942], [92.608, 10.942]]], [[[92.606, 10.943], [92.607, 10.942], [92.607, 10.943], [92.606, 10.943]]], [[[92.599, 10.941], [92.599, 10.942], [92.596, 10.945], [92.599, 10.941]]], [[[92.603, 10.946], [92.603, 10.945], [92.606, 10.945], [92.603, 10.946]]], [[[92.601, 10.951], [92.6, 10.951], [92.601, 10.951], [92.601, 10.951]]], [[[92.219, 10.986], [92.213, 10.973], [92.225, 10.978], [92.219, 10.986]]], [[[92.668, 10.985], [92.658, 10.991], [92.66, 10.981], [92.668, 10.985]]], [[[92.73, 11.15], [92.722, 11.141], [92.734, 11.145], [92.73, 11.15]]], [[[92.676, 11.184], [92.674, 11.19], [92.676, 11.177], [92.676, 11.184]]], [[[92.672, 11.195], [92.672, 11.195], [92.672, 11.195], [92.672, 11.195]]], [[[92.705, 11.278], [92.694, 11.285], [92.686, 11.242], [92.705, 11.278]]], [[[92.722, 11.333], [92.696, 11.31], [92.707, 11.3], [92.722, 11.333]]], [[[92.563, 11.397], [92.552, 11.392], [92.559, 11.391], [92.563, 11.397]]], [[[92.547, 11.391], [92.551, 11.398], [92.541, 11.398], [92.547, 11.391]]], [[[92.613, 11.507], [92.615, 11.511], [92.603, 11.503], [92.613, 11.507]]], [[[92.561, 11.514], [92.561, 11.514], [92.561, 11.515], [92.561, 11.514]]], [[[92.644, 11.513], [92.645, 11.515], [92.643, 11.514], [92.644, 11.513]]], [[[92.257, 11.515], [92.255, 11.514], [92.259, 11.514], [92.257, 11.515]]], [[[92.24, 11.516], [92.239, 11.516], [92.241, 11.515], [92.24, 11.516]]], [[[92.636, 11.516], [92.598, 11.345], [92.691, 11.375], [92.634, 11.404], [92.685, 11.436], [92.636, 11.516]]], [[[92.24, 11.517], [92.24, 11.518], [92.239, 11.518], [92.24, 11.517]]], [[[92.271, 11.519], [92.267, 11.517], [92.272, 11.517], [92.271, 11.519]]], [[[92.616, 11.528], [92.615, 11.528], [92.616, 11.528], [92.616, 11.528]]], [[[92.588, 11.53], [92.587, 11.531], [92.587, 11.53], [92.588, 11.53]]], [[[92.616, 11.531], [92.616, 11.532], [92.615, 11.532], [92.616, 11.531]]], [[[92.593, 11.532], [92.59, 11.531], [92.592, 11.53], [92.593, 11.532]]], [[[92.208, 11.532], [92.207, 11.533], [92.207, 11.532], [92.208, 11.532]]], [[[92.631, 11.533], [92.631, 11.534], [92.63, 11.533], [92.631, 11.533]]], [[[92.206, 11.534], [92.205, 11.534], [92.205, 11.534], [92.206, 11.534]]], [[[92.207, 11.536], [92.207, 11.536], [92.207, 11.536], [92.207, 11.536]]], [[[92.601, 11.538], [92.597, 11.529], [92.606, 11.519], [92.601, 11.538]]], [[[92.555, 11.54], [92.555, 11.54], [92.555, 11.54], [92.555, 11.54]]], [[[92.558, 11.541], [92.551, 11.529], [92.565, 11.517], [92.558, 11.541]]], [[[92.583, 11.535], [92.585, 11.541], [92.583, 11.542], [92.583, 11.535]]], [[[92.628, 11.543], [92.627, 11.549], [92.626, 11.544], [92.628, 11.543]]], [[[92.543, 11.554], [92.542, 11.556], [92.54, 11.555], [92.543, 11.554]]], [[[92.562, 11.557], [92.562, 11.558], [92.562, 11.558], [92.562, 11.557]]], [[[92.632, 11.557], [92.631, 11.558], [92.631, 11.556], [92.632, 11.557]]], [[[92.541, 11.558], [92.539, 11.554], [92.544, 11.557], [92.541, 11.558]]], [[[92.567, 11.559], [92.567, 11.56], [92.567, 11.559], [92.567, 11.559]]], [[[92.563, 11.56], [92.563, 11.56], [92.563, 11.56], [92.563, 11.56]]], [[[92.57, 11.56], [92.571, 11.56], [92.57, 11.56], [92.57, 11.56]]], [[[92.574, 11.56], [92.574, 11.561], [92.573, 11.559], [92.574, 11.56]]], [[[92.614, 11.556], [92.601, 11.555], [92.61, 11.531], [92.614, 11.556]]], [[[92.609, 11.556], [92.606, 11.563], [92.605, 11.561], [92.609, 11.556]]], [[[92.565, 11.567], [92.566, 11.571], [92.564, 11.569], [92.565, 11.567]]], [[[92.574, 11.562], [92.576, 11.571], [92.572, 11.564], [92.574, 11.562]]], [[[92.53, 11.569], [92.53, 11.571], [92.529, 11.571], [92.53, 11.569]]], [[[92.269, 11.573], [92.268, 11.571], [92.269, 11.572], [92.269, 11.573]]], [[[92.57, 11.573], [92.569, 11.574], [92.569, 11.573], [92.57, 11.573]]], [[[92.593, 11.575], [92.588, 11.533], [92.597, 11.546], [92.593, 11.575]]], [[[92.197, 11.577], [92.197, 11.578], [92.197, 11.577], [92.197, 11.577]]], [[[92.57, 11.579], [92.569, 11.578], [92.57, 11.578], [92.57, 11.579]]], [[[92.569, 11.58], [92.568, 11.58], [92.568, 11.579], [92.569, 11.58]], [[92.528, 11.578], [92.526, 11.58], [92.53, 11.577], [92.528, 11.578]]], [[[92.197, 11.581], [92.197, 11.583], [92.196, 11.582], [92.197, 11.581]]], [[[92.6, 11.587], [92.599, 11.588], [92.599, 11.587], [92.6, 11.587]]], [[[92.577, 11.582], [92.579, 11.584], [92.577, 11.588], [92.577, 11.582]]], [[[92.199, 11.588], [92.197, 11.587], [92.197, 11.584], [92.199, 11.588]]], [[[92.611, 11.588], [92.599, 11.569], [92.614, 11.563], [92.611, 11.588]]], [[[92.265, 11.59], [92.264, 11.589], [92.266, 11.589], [92.265, 11.59]]], [[[92.595, 11.589], [92.594, 11.59], [92.592, 11.59], [92.595, 11.589]]], [[[92.202, 11.589], [92.2, 11.591], [92.199, 11.589], [92.202, 11.589]]], [[[92.223, 11.593], [92.222, 11.594], [92.22, 11.594], [92.223, 11.593]]], [[[92.552, 11.594], [92.553, 11.595], [92.551, 11.595], [92.552, 11.594]]], [[[92.216, 11.594], [92.211, 11.529], [92.269, 11.522], [92.269, 11.586], [92.216, 11.594]]], [[[92.229, 11.594], [92.229, 11.596], [92.228, 11.595], [92.229, 11.594]]], [[[92.54, 11.605], [92.527, 11.554], [92.572, 11.588], [92.54, 11.605]]], [[[92.687, 11.63], [92.687, 11.632], [92.686, 11.631], [92.687, 11.63]]], [[[92.755, 11.636], [92.754, 11.637], [92.754, 11.637], [92.755, 11.636]]], [[[92.754, 11.637], [92.754, 11.638], [92.753, 11.638], [92.754, 11.637]]], [[[92.688, 11.634], [92.686, 11.64], [92.686, 11.635], [92.688, 11.634]]], [[[92.7, 11.66], [92.697, 11.664], [92.692, 11.661], [92.7, 11.66]]], [[[92.765, 11.678], [92.758, 11.678], [92.76, 11.669], [92.765, 11.678]]], [[[92.722, 11.689], [92.723, 11.686], [92.725, 11.687], [92.722, 11.689]]], [[[92.586, 11.7], [92.587, 11.701], [92.586, 11.701], [92.586, 11.7]]], [[[92.585, 11.704], [92.585, 11.705], [92.585, 11.705], [92.585, 11.704]]], [[[92.583, 11.708], [92.583, 11.708], [92.583, 11.708], [92.583, 11.708]]], [[[93.086, 11.784], [93.082, 11.79], [93.076, 11.781], [93.086, 11.784]]], [[[93.072, 11.834], [93.072, 11.834], [93.072, 11.834], [93.072, 11.834]]], [[[93.072, 11.838], [93.071, 11.839], [93.072, 11.838], [93.072, 11.838]]], [[[93.012, 11.852], [93.042, 11.81], [93.072, 11.834], [93.012, 11.852]]], [[[92.603, 11.929], [92.603, 11.936], [92.602, 11.935], [92.603, 11.929]]], [[[92.995, 11.946], [92.996, 11.947], [92.995, 11.946], [92.995, 11.946]]], [[[92.722, 11.951], [92.725, 11.954], [92.723, 11.954], [92.722, 11.951]]], [[[92.729, 11.944], [92.732, 11.96], [92.724, 11.951], [92.729, 11.944]]], [[[92.606, 11.966], [92.607, 11.96], [92.609, 11.961], [92.606, 11.966]]], [[[92.742, 11.965], [92.743, 11.968], [92.74, 11.965], [92.742, 11.965]]], [[[92.75, 11.969], [92.735, 11.951], [92.77, 11.952], [92.75, 11.969]]], [[[92.595, 11.979], [92.598, 11.925], [92.608, 11.943], [92.595, 11.979]]], [[[92.6, 11.982], [92.6, 11.983], [92.6, 11.982], [92.6, 11.982]]], [[[92.583, 11.982], [92.58, 11.977], [92.584, 11.977], [92.583, 11.982]]], [[[92.741, 11.997], [92.734, 11.977], [92.761, 11.983], [92.741, 11.997]]], [[[92.772, 12.019], [92.77, 12.013], [92.774, 12.012], [92.772, 12.019]]], [[[92.972, 12.035], [92.972, 12.037], [92.971, 12.036], [92.972, 12.035]]], [[[92.99, 12.038], [92.989, 12.037], [92.99, 12.037], [92.99, 12.038]]], [[[92.978, 12.042], [92.977, 12.042], [92.978, 12.042], [92.978, 12.042]]], [[[92.977, 12.042], [92.977, 12.042], [92.977, 12.042], [92.977, 12.042]]], [[[92.977, 12.042], [92.977, 12.042], [92.977, 12.042], [92.977, 12.042]]], [[[92.976, 12.043], [92.976, 12.043], [92.976, 12.043], [92.976, 12.043]]], [[[92.976, 12.043], [92.976, 12.043], [92.976, 12.043], [92.976, 12.043]]], [[[92.974, 12.043], [92.974, 12.043], [92.974, 12.043], [92.974, 12.043]]], [[[92.975, 12.043], [92.975, 12.043], [92.975, 12.043], [92.975, 12.043]]], [[[92.975, 12.043], [92.975, 12.043], [92.975, 12.043], [92.975, 12.043]]], [[[92.979, 12.043], [92.979, 12.043], [92.979, 12.043], [92.979, 12.043]]], [[[92.978, 12.043], [92.978, 12.043], [92.977, 12.043], [92.978, 12.043]]], [[[92.979, 12.044], [92.979, 12.044], [92.979, 12.044], [92.979, 12.044]]], [[[92.979, 12.044], [92.978, 12.044], [92.978, 12.043], [92.979, 12.044]]], [[[92.978, 12.044], [92.978, 12.044], [92.978, 12.044], [92.978, 12.044]]], [[[92.979, 12.044], [92.979, 12.044], [92.979, 12.044], [92.979, 12.044]]], [[[92.964, 12.05], [92.923, 11.998], [92.975, 11.946], [93.007, 11.958], [93.044, 11.884], [93.015, 12.027], [92.973, 12.043], [92.975, 12.016], [92.964, 12.05]]], [[[92.747, 12.055], [92.729, 12.037], [92.778, 12.024], [92.747, 12.055]]], [[[92.969, 12.066], [92.968, 12.063], [92.971, 12.064], [92.969, 12.066]]], [[[92.964, 12.067], [92.962, 12.066], [92.966, 12.065], [92.964, 12.067]]], [[[93.012, 12.065], [93.012, 12.067], [93.009, 12.068], [93.012, 12.065]]], [[[93.009, 12.071], [93.008, 12.07], [93.01, 12.069], [93.009, 12.071]]], [[[93.007, 12.072], [93.005, 12.072], [93.005, 12.069], [93.007, 12.072]]], [[[93.054, 12.073], [93.053, 12.073], [93.052, 12.073], [93.054, 12.073]]], [[[92.741, 12.07], [92.754, 12.058], [92.755, 12.067], [92.741, 12.07]]], [[[93.054, 12.074], [93.054, 12.074], [93.054, 12.074], [93.054, 12.074]]], [[[92.799, 12.076], [92.798, 12.076], [92.799, 12.075], [92.799, 12.076]]], [[[93.077, 12.077], [93.077, 12.077], [93.077, 12.076], [93.077, 12.077]]], [[[93.079, 12.077], [93.078, 12.077], [93.079, 12.077], [93.079, 12.077]]], [[[93.08, 12.077], [93.08, 12.077], [93.08, 12.076], [93.08, 12.077]]], [[[92.786, 12.075], [92.787, 12.078], [92.784, 12.073], [92.786, 12.075]]], [[[92.792, 12.079], [92.792, 12.079], [92.792, 12.079], [92.792, 12.079]]], [[[93.082, 12.079], [93.083, 12.078], [93.083, 12.079], [93.082, 12.079]]], [[[92.792, 12.079], [92.792, 12.079], [92.792, 12.079], [92.792, 12.079]]], [[[92.791, 12.079], [92.791, 12.079], [92.791, 12.079], [92.791, 12.079]]], [[[92.8, 12.089], [92.799, 12.09], [92.799, 12.089], [92.8, 12.089]]], [[[92.957, 12.092], [92.956, 12.091], [92.957, 12.09], [92.957, 12.092]]], [[[93.034, 12.104], [93.033, 12.105], [93.034, 12.103], [93.034, 12.104]]], [[[93.0, 12.109], [92.998, 12.108], [93.005, 12.106], [93.0, 12.109]]], [[[92.966, 12.11], [92.996, 12.044], [93.004, 12.104], [92.966, 12.11]]], [[[92.992, 12.11], [92.993, 12.111], [92.991, 12.111], [92.992, 12.11]]], [[[92.978, 12.109], [92.976, 12.112], [92.976, 12.11], [92.978, 12.109]]], [[[92.739, 12.111], [92.741, 12.112], [92.741, 12.113], [92.739, 12.111]]], [[[92.973, 12.116], [92.972, 12.116], [92.973, 12.115], [92.973, 12.116]]], [[[92.96, 12.118], [92.963, 12.114], [92.963, 12.117], [92.96, 12.118]]], [[[92.947, 12.117], [92.95, 12.079], [92.957, 12.099], [92.947, 12.117]]], [[[92.961, 12.119], [92.96, 12.121], [92.96, 12.12], [92.961, 12.119]]], [[[92.957, 12.127], [92.957, 12.123], [92.958, 12.126], [92.957, 12.127]]], [[[92.956, 12.131], [92.955, 12.13], [92.958, 12.131], [92.956, 12.131]]], [[[92.851, 12.141], [92.851, 12.142], [92.851, 12.142], [92.851, 12.141]]], [[[92.852, 12.142], [92.852, 12.142], [92.851, 12.142], [92.852, 12.142]]], [[[92.758, 12.146], [92.756, 12.149], [92.754, 12.143], [92.758, 12.146]]], [[[93.005, 12.148], [93.006, 12.15], [93.004, 12.15], [93.005, 12.148]]], [[[92.988, 12.15], [92.988, 12.152], [92.987, 12.151], [92.988, 12.15]]], [[[93.008, 12.151], [93.007, 12.153], [93.006, 12.153], [93.008, 12.151]]], [[[93.125, 12.152], [93.109, 12.145], [93.112, 12.129], [93.125, 12.152]]], [[[92.984, 12.154], [92.985, 12.157], [92.984, 12.156], [92.984, 12.154]]], [[[93.014, 12.157], [93.012, 12.156], [93.013, 12.154], [93.014, 12.157]]], [[[93.013, 12.158], [93.013, 12.158], [93.012, 12.159], [93.013, 12.158]]], [[[92.991, 12.159], [92.954, 12.136], [93.001, 12.111], [92.991, 12.159]]], [[[93.016, 12.164], [93.016, 12.165], [93.015, 12.164], [93.016, 12.164]]], [[[93.028, 12.167], [92.995, 12.132], [93.043, 12.043], [93.028, 12.167]]], [[[92.76, 12.172], [92.759, 12.173], [92.759, 12.17], [92.76, 12.172]]], [[[92.758, 12.181], [92.761, 12.173], [92.761, 12.18], [92.758, 12.181]]], [[[92.866, 12.182], [92.865, 12.183], [92.865, 12.182], [92.866, 12.182]]], [[[92.73, 12.185], [92.729, 12.189], [92.724, 12.185], [92.73, 12.185]]], [[[92.848, 12.196], [92.848, 12.197], [92.847, 12.196], [92.848, 12.196]]], [[[93.082, 12.079], [93.069, 12.212], [93.035, 12.132], [93.082, 12.079]]], [[[93.02, 12.223], [93.019, 12.225], [93.019, 12.223], [93.02, 12.223]]], [[[92.934, 12.226], [92.923, 12.213], [92.932, 12.195], [92.934, 12.226]]], [[[92.871, 12.229], [92.87, 12.228], [92.871, 12.228], [92.871, 12.229]]], [[[92.696, 12.239], [92.622, 12.101], [92.61, 11.847], [92.564, 11.951], [92.506, 11.825], [92.545, 11.843], [92.558, 11.692], [92.591, 11.738], [92.598, 11.649], [92.645, 11.635], [92.602, 11.609], [92.616, 11.563], [92.646, 11.572], [92.645, 11.523], [92.71, 11.477], [92.756, 11.665], [92.714, 11.678], [92.686, 11.603], [92.66, 11.652], [92.708, 11.671], [92.682, 11.714], [92.754, 11.701], [92.79, 11.885], [92.783, 11.937], [92.744, 11.932], [92.706, 11.793], [92.672, 11.783], [92.692, 11.814], [92.655, 11.834], [92.702, 11.814], [92.724, 11.857], [92.722, 11.993], [92.771, 11.999], [92.727, 12.054], [92.697, 12.04], [92.738, 12.057], [92.757, 12.176], [92.709, 12.148], [92.696, 12.239]], [[92.725, 11.594], [92.74, 11.591], [92.727, 11.566], [92.725, 11.594]]], [[[92.882, 12.239], [92.882, 12.242], [92.881, 12.24], [92.882, 12.239]]], [[[92.734, 12.24], [92.722, 12.188], [92.763, 12.182], [92.734, 12.24]]], [[[92.912, 12.244], [92.911, 12.246], [92.911, 12.244], [92.912, 12.244]]], [[[92.911, 12.247], [92.912, 12.249], [92.91, 12.249], [92.911, 12.247]]], [[[92.88, 12.246], [92.881, 12.249], [92.879, 12.25], [92.88, 12.246]]], [[[92.698, 12.244], [92.697, 12.25], [92.695, 12.246], [92.698, 12.244]]], [[[92.865, 12.236], [92.865, 12.251], [92.861, 12.244], [92.865, 12.236]]], [[[92.907, 12.249], [92.907, 12.251], [92.906, 12.249], [92.907, 12.249]]], [[[92.911, 12.25], [92.911, 12.251], [92.911, 12.25], [92.911, 12.25]]], [[[92.907, 12.253], [92.906, 12.251], [92.908, 12.251], [92.907, 12.253]]], [[[92.905, 12.254], [92.905, 12.255], [92.905, 12.255], [92.905, 12.254]]], [[[92.919, 12.254], [92.918, 12.255], [92.918, 12.254], [92.919, 12.254]]], [[[92.908, 12.255], [92.909, 12.255], [92.905, 12.253], [92.908, 12.255]]], [[[92.723, 12.254], [92.724, 12.256], [92.721, 12.256], [92.723, 12.254]]], [[[92.92, 12.255], [92.92, 12.257], [92.919, 12.255], [92.92, 12.255]]], [[[92.918, 12.256], [92.919, 12.257], [92.918, 12.257], [92.918, 12.256]]], [[[92.9, 12.258], [92.901, 12.258], [92.9, 12.258], [92.9, 12.258]]], [[[92.909, 12.257], [92.908, 12.258], [92.907, 12.256], [92.909, 12.257]]], [[[92.717, 12.259], [92.716, 12.258], [92.717, 12.256], [92.717, 12.259]]], [[[92.917, 12.261], [92.917, 12.262], [92.916, 12.262], [92.917, 12.261]]], [[[92.914, 12.261], [92.913, 12.262], [92.913, 12.26], [92.914, 12.261]]], [[[92.915, 12.263], [92.916, 12.264], [92.914, 12.264], [92.915, 12.263]]], [[[93.104, 12.264], [93.062, 12.233], [93.098, 12.239], [93.1, 12.2], [93.104, 12.264]]], [[[92.901, 12.264], [92.877, 12.209], [92.914, 12.221], [92.901, 12.264]]], [[[93.029, 12.279], [93.02, 12.275], [93.025, 12.273], [93.029, 12.279]]], [[[92.889, 12.278], [92.884, 12.274], [92.89, 12.272], [92.889, 12.278]]], [[[92.748, 12.283], [92.739, 12.282], [92.735, 12.248], [92.748, 12.283]]], [[[92.884, 12.29], [92.877, 12.284], [92.885, 12.28], [92.884, 12.29]]], [[[92.751, 12.292], [92.751, 12.291], [92.751, 12.291], [92.751, 12.292]]], [[[92.735, 12.281], [92.737, 12.293], [92.734, 12.287], [92.735, 12.281]]], [[[92.766, 12.273], [92.761, 12.294], [92.752, 12.278], [92.766, 12.273]]], [[[92.752, 12.293], [92.753, 12.294], [92.752, 12.294], [92.752, 12.293]]], [[[92.768, 12.289], [92.77, 12.295], [92.766, 12.29], [92.768, 12.289]]], [[[92.89, 12.293], [92.891, 12.298], [92.887, 12.294], [92.89, 12.293]]], [[[92.764, 12.297], [92.765, 12.299], [92.763, 12.297], [92.764, 12.297]]], [[[92.715, 12.296], [92.699, 12.275], [92.71, 12.23], [92.715, 12.296]]], [[[92.882, 12.297], [92.879, 12.3], [92.876, 12.295], [92.882, 12.297]]], [[[93.853, 12.3], [93.845, 12.269], [93.867, 12.275], [93.853, 12.3]]], [[[92.933, 12.311], [92.901, 12.288], [92.922, 12.229], [92.933, 12.311]]], [[[92.81, 12.313], [92.771, 12.313], [92.788, 12.28], [92.741, 12.245], [92.771, 12.242], [92.738, 12.098], [92.763, 12.063], [92.818, 12.113], [92.801, 12.171], [92.855, 12.162], [92.803, 12.233], [92.883, 12.198], [92.872, 12.302], [92.81, 12.313]]], [[[93.073, 12.315], [93.07, 12.32], [93.061, 12.315], [93.073, 12.315]]], [[[92.858, 12.335], [92.858, 12.314], [92.9, 12.323], [92.858, 12.335]]], [[[92.906, 12.337], [92.906, 12.34], [92.904, 12.341], [92.906, 12.337]], [[92.913, 12.34], [92.914, 12.356], [92.913, 12.331], [92.913, 12.34]]], [[[92.897, 12.396], [92.894, 12.396], [92.897, 12.392], [92.897, 12.396]]], [[[92.865, 12.409], [92.864, 12.408], [92.865, 12.408], [92.865, 12.409]]], [[[92.858, 12.407], [92.883, 12.374], [92.894, 12.407], [92.858, 12.407]]], [[[92.877, 12.409], [92.881, 12.411], [92.874, 12.409], [92.877, 12.409]]], [[[92.899, 12.409], [92.898, 12.412], [92.897, 12.408], [92.899, 12.409]]], [[[92.888, 12.413], [92.888, 12.413], [92.888, 12.413], [92.888, 12.413]]], [[[92.902, 12.413], [92.902, 12.412], [92.902, 12.413], [92.902, 12.413]]], [[[92.889, 12.414], [92.888, 12.414], [92.888, 12.413], [92.889, 12.414]]], [[[92.888, 12.415], [92.888, 12.415], [92.888, 12.414], [92.888, 12.415]]], [[[92.864, 12.413], [92.865, 12.421], [92.858, 12.417], [92.864, 12.413]]], [[[92.903, 12.422], [92.899, 12.426], [92.898, 12.422], [92.903, 12.422]]], [[[92.836, 12.422], [92.838, 12.411], [92.858, 12.413], [92.836, 12.422]]], [[[92.956, 12.435], [92.925, 12.404], [92.93, 12.357], [92.956, 12.435]]], [[[92.683, 12.556], [92.662, 12.533], [92.678, 12.506], [92.683, 12.556]]], [[[92.701, 12.638], [92.699, 12.637], [92.702, 12.636], [92.701, 12.638]]], [[[92.703, 12.64], [92.699, 12.639], [92.702, 12.638], [92.703, 12.64]]], [[[92.7, 12.64], [92.701, 12.641], [92.7, 12.641], [92.7, 12.64]]], [[[92.703, 12.644], [92.701, 12.642], [92.703, 12.641], [92.703, 12.644]]], [[[92.727, 12.655], [92.727, 12.654], [92.73, 12.653], [92.727, 12.655]]], [[[92.781, 12.646], [92.781, 12.656], [92.779, 12.649], [92.781, 12.646]]], [[[92.726, 12.655], [92.724, 12.655], [92.725, 12.653], [92.726, 12.655]]], [[[92.774, 12.674], [92.782, 12.688], [92.773, 12.674], [92.774, 12.674]]], [[[92.715, 12.689], [92.714, 12.69], [92.713, 12.689], [92.715, 12.689]]], [[[92.723, 12.692], [92.722, 12.693], [92.722, 12.692], [92.723, 12.692]]], [[[92.732, 12.703], [92.73, 12.706], [92.73, 12.702], [92.732, 12.703]]], [[[92.783, 12.717], [92.777, 12.717], [92.781, 12.712], [92.783, 12.717]]], [[[92.781, 12.718], [92.782, 12.719], [92.781, 12.719], [92.781, 12.718]]], [[[92.738, 12.733], [92.738, 12.734], [92.737, 12.733], [92.738, 12.733]]], [[[92.724, 12.736], [92.727, 12.727], [92.729, 12.731], [92.724, 12.736]]], [[[92.969, 12.74], [92.969, 12.741], [92.968, 12.742], [92.969, 12.74]]], [[[92.968, 12.743], [92.967, 12.743], [92.968, 12.742], [92.968, 12.743]]], [[[92.726, 12.752], [92.725, 12.754], [92.725, 12.753], [92.726, 12.752]]], [[[92.96, 12.756], [92.96, 12.755], [92.961, 12.755], [92.96, 12.756]]], [[[92.958, 12.758], [92.959, 12.757], [92.96, 12.756], [92.958, 12.758]]], [[[92.954, 12.758], [92.954, 12.757], [92.956, 12.757], [92.954, 12.758]]], [[[92.941, 12.77], [92.939, 12.769], [92.941, 12.769], [92.941, 12.77]]], [[[92.947, 12.771], [92.945, 12.771], [92.943, 12.77], [92.947, 12.771]]], [[[92.717, 12.774], [92.718, 12.775], [92.716, 12.775], [92.717, 12.774]]], [[[92.655, 12.77], [92.656, 12.775], [92.654, 12.773], [92.655, 12.77]]], [[[92.715, 12.777], [92.715, 12.775], [92.717, 12.776], [92.715, 12.777]]], [[[92.715, 12.783], [92.716, 12.784], [92.715, 12.784], [92.715, 12.783]]], [[[92.721, 12.779], [92.717, 12.788], [92.724, 12.762], [92.721, 12.779]]], [[[92.717, 12.79], [92.718, 12.79], [92.717, 12.791], [92.717, 12.79]]], [[[92.719, 12.791], [92.719, 12.794], [92.717, 12.795], [92.719, 12.791]]], [[[92.721, 12.795], [92.722, 12.797], [92.72, 12.796], [92.721, 12.795]]], [[[92.715, 12.795], [92.715, 12.798], [92.714, 12.797], [92.715, 12.795]]], [[[92.716, 12.798], [92.715, 12.801], [92.715, 12.799], [92.716, 12.798]]], [[[92.716, 12.802], [92.716, 12.805], [92.715, 12.803], [92.716, 12.802]]], [[[92.708, 12.83], [92.694, 12.798], [92.717, 12.719], [92.708, 12.83]]], [[[92.724, 12.832], [92.727, 12.839], [92.724, 12.836], [92.724, 12.832]]], [[[92.731, 12.857], [92.729, 12.856], [92.729, 12.855], [92.731, 12.857]]], [[[92.763, 12.851], [92.76, 12.86], [92.765, 12.836], [92.763, 12.851]]], [[[92.78, 12.858], [92.768, 12.852], [92.784, 12.825], [92.78, 12.858]]], [[[92.721, 12.865], [92.712, 12.832], [92.729, 12.862], [92.721, 12.865]]], [[[92.765, 12.87], [92.76, 12.868], [92.763, 12.855], [92.765, 12.87]]], [[[92.757, 12.879], [92.756, 12.876], [92.76, 12.878], [92.757, 12.879]]], [[[92.831, 12.885], [92.831, 12.886], [92.83, 12.886], [92.831, 12.885]]], [[[92.832, 12.885], [92.832, 12.886], [92.831, 12.886], [92.832, 12.885]]], [[[92.834, 12.886], [92.835, 12.888], [92.834, 12.887], [92.834, 12.886]]], [[[92.786, 12.893], [92.784, 12.882], [92.791, 12.891], [92.786, 12.893]]], [[[92.892, 12.898], [92.893, 12.899], [92.891, 12.9], [92.892, 12.898]]], [[[92.879, 12.906], [92.879, 12.902], [92.88, 12.904], [92.879, 12.906]]], [[[92.88, 12.907], [92.879, 12.913], [92.877, 12.91], [92.88, 12.907]]], [[[92.754, 12.913], [92.748, 12.895], [92.753, 12.89], [92.754, 12.913]]], [[[92.864, 12.913], [92.864, 12.914], [92.863, 12.915], [92.864, 12.913]]], [[[92.793, 12.913], [92.773, 12.911], [92.792, 12.892], [92.793, 12.913]]], [[[92.935, 12.92], [92.929, 12.917], [92.933, 12.911], [92.935, 12.92]]], [[[92.766, 12.924], [92.761, 12.922], [92.764, 12.918], [92.766, 12.924]]], [[[92.897, 12.927], [92.828, 12.81], [92.854, 12.877], [92.791, 12.89], [92.784, 12.762], [92.773, 12.843], [92.722, 12.825], [92.732, 12.673], [92.79, 12.725], [92.779, 12.58], [92.773, 12.67], [92.733, 12.657], [92.748, 12.62], [92.718, 12.644], [92.684, 12.609], [92.719, 12.3], [92.749, 12.366], [92.753, 12.296], [92.77, 12.334], [92.831, 12.303], [92.848, 12.343], [92.899, 12.334], [92.823, 12.374], [92.838, 12.409], [92.799, 12.401], [92.834, 12.41], [92.787, 12.484], [92.796, 12.438], [92.899, 12.417], [92.816, 12.487], [92.855, 12.51], [92.843, 12.471], [92.889, 12.464], [92.911, 12.405], [92.958, 12.473], [92.908, 12.467], [92.914, 12.5], [92.922, 12.466], [92.969, 12.497], [92.959, 12.62], [92.93, 12.617], [92.98, 12.709], [92.926, 12.774], [92.949, 12.838], [92.924, 12.801], [92.941, 12.856], [92.897, 12.927]]], [[[92.772, 12.932], [92.769, 12.925], [92.772, 12.918], [92.772, 12.932]]], [[[92.89, 12.933], [92.89, 12.931], [92.892, 12.932], [92.89, 12.933]]], [[[92.673, 12.933], [92.673, 12.933], [92.673, 12.933], [92.673, 12.933]]], [[[92.672, 12.933], [92.672, 12.934], [92.672, 12.933], [92.672, 12.933]]], [[[92.762, 12.936], [92.762, 12.925], [92.766, 12.928], [92.762, 12.936]]], [[[92.875, 12.935], [92.863, 12.918], [92.886, 12.924], [92.875, 12.935]]], [[[92.89, 12.939], [92.888, 12.933], [92.893, 12.936], [92.89, 12.939]]], [[[92.9, 12.94], [92.898, 12.942], [92.899, 12.94], [92.9, 12.94]], [[92.9, 12.94], [92.903, 12.937], [92.899, 12.942], [92.9, 12.94]]], [[[92.899, 12.942], [92.902, 12.941], [92.901, 12.942], [92.899, 12.942]]], [[[92.899, 12.942], [92.898, 12.942], [92.898, 12.942], [92.899, 12.942]]], [[[92.677, 12.947], [92.678, 12.947], [92.677, 12.947], [92.677, 12.947]]], [[[92.676, 12.949], [92.675, 12.95], [92.672, 12.949], [92.676, 12.949]]], [[[92.671, 12.949], [92.67, 12.948], [92.672, 12.948], [92.671, 12.949]]], [[[92.667, 12.951], [92.666, 12.95], [92.668, 12.949], [92.667, 12.951]]], [[[92.668, 12.951], [92.668, 12.952], [92.667, 12.952], [92.668, 12.951]]], [[[92.671, 12.952], [92.669, 12.95], [92.671, 12.95], [92.671, 12.952]]], [[[92.669, 12.952], [92.669, 12.953], [92.669, 12.953], [92.669, 12.952]]], [[[92.669, 12.954], [92.669, 12.956], [92.667, 12.953], [92.669, 12.954]]], [[[92.879, 12.961], [92.878, 12.963], [92.878, 12.962], [92.879, 12.961]]], [[[92.883, 12.966], [92.882, 12.966], [92.882, 12.965], [92.883, 12.966]]], [[[92.887, 12.979], [92.887, 12.98], [92.886, 12.98], [92.887, 12.979]]], [[[92.888, 12.981], [92.888, 12.981], [92.889, 12.981], [92.888, 12.981]]], [[[92.893, 12.983], [92.893, 12.984], [92.893, 12.983], [92.893, 12.983]]], [[[92.977, 12.986], [92.978, 12.988], [92.977, 12.987], [92.977, 12.986]]], [[[92.695, 12.991], [92.647, 12.862], [92.667, 12.783], [92.719, 12.875], [92.695, 12.991]]], [[[92.973, 12.994], [92.973, 12.994], [92.973, 12.994], [92.973, 12.994]]], [[[93.008, 12.999], [92.958, 12.989], [92.953, 12.934], [93.008, 12.999]]], [[[92.971, 12.999], [92.97, 13.0], [92.97, 12.999], [92.971, 12.999]]], [[[92.989, 13.002], [92.986, 13.001], [92.986, 12.998], [92.989, 13.002]]], [[[92.831, 13.0], [92.833, 13.003], [92.831, 13.001], [92.831, 13.0]]], [[[92.785, 13.014], [92.784, 13.013], [92.785, 13.013], [92.785, 13.014]]], [[[92.949, 13.019], [92.948, 13.025], [92.944, 13.026], [92.949, 13.019]]], [[[92.93, 13.025], [92.913, 13.011], [92.942, 12.994], [92.93, 13.025]]], [[[92.932, 13.049], [92.931, 13.054], [92.93, 13.051], [92.932, 13.049]]], [[[92.786, 13.055], [92.786, 13.056], [92.785, 13.055], [92.786, 13.055]]], [[[92.788, 13.061], [92.787, 13.061], [92.788, 13.06], [92.788, 13.061]]], [[[92.917, 13.06], [92.913, 13.067], [92.919, 13.054], [92.917, 13.06]]], [[[92.914, 13.067], [92.914, 13.068], [92.913, 13.069], [92.914, 13.067]]], [[[92.912, 13.074], [92.911, 13.076], [92.909, 13.076], [92.912, 13.074]]], [[[92.795, 13.075], [92.795, 13.076], [92.795, 13.077], [92.795, 13.075]]], [[[92.794, 13.093], [92.793, 13.093], [92.793, 13.092], [92.794, 13.093]]], [[[92.793, 13.094], [92.793, 13.094], [92.793, 13.094], [92.793, 13.094]]], [[[92.729, 13.091], [92.731, 13.096], [92.727, 13.09], [92.729, 13.091]]], [[[92.704, 13.096], [92.703, 13.07], [92.72, 13.097], [92.704, 13.096]]], [[[92.84, 13.143], [92.841, 13.144], [92.84, 13.143], [92.84, 13.143]]], [[[92.809, 13.148], [92.809, 13.15], [92.808, 13.148], [92.809, 13.148]]], [[[92.804, 13.154], [92.803, 13.153], [92.804, 13.152], [92.804, 13.154]]], [[[92.81, 13.163], [92.81, 13.164], [92.809, 13.163], [92.81, 13.163]]], [[[92.81, 13.167], [92.809, 13.167], [92.81, 13.166], [92.81, 13.167]]], [[[92.81, 13.169], [92.81, 13.169], [92.811, 13.169], [92.81, 13.169]]], [[[92.795, 13.168], [92.796, 13.171], [92.793, 13.171], [92.795, 13.168]]], [[[92.792, 13.172], [92.792, 13.171], [92.792, 13.171], [92.792, 13.172]]], [[[92.826, 13.209], [92.823, 13.208], [92.822, 13.207], [92.826, 13.209]]], [[[92.827, 13.209], [92.827, 13.21], [92.826, 13.211], [92.827, 13.209]]], [[[92.829, 13.21], [92.828, 13.212], [92.828, 13.21], [92.829, 13.21]]], [[[93.061, 13.22], [93.057, 13.227], [93.056, 13.224], [93.061, 13.22]]], [[[93.061, 13.225], [93.061, 13.228], [93.06, 13.228], [93.061, 13.225]]], [[[92.839, 13.249], [92.839, 13.249], [92.839, 13.249], [92.839, 13.249]]], [[[93.049, 13.264], [93.049, 13.262], [93.05, 13.263], [93.049, 13.264]]], [[[93.068, 13.267], [93.068, 13.267], [93.068, 13.267], [93.068, 13.267]]], [[[93.068, 13.267], [93.068, 13.268], [93.068, 13.267], [93.068, 13.267]]], [[[93.068, 13.268], [93.068, 13.268], [93.068, 13.268], [93.068, 13.268]]], [[[93.068, 13.269], [93.068, 13.269], [93.068, 13.269], [93.068, 13.269]]], [[[93.071, 13.273], [93.071, 13.273], [93.071, 13.273], [93.071, 13.273]]], [[[93.07, 13.273], [93.071, 13.273], [93.07, 13.273], [93.07, 13.273]]], [[[93.07, 13.273], [93.07, 13.273], [93.07, 13.273], [93.07, 13.273]]], [[[93.071, 13.273], [93.071, 13.274], [93.071, 13.273], [93.071, 13.273]]], [[[93.071, 13.273], [93.071, 13.274], [93.071, 13.273], [93.071, 13.273]]], [[[93.072, 13.274], [93.072, 13.274], [93.071, 13.274], [93.072, 13.274]]], [[[93.07, 13.274], [93.07, 13.274], [93.07, 13.274], [93.07, 13.274]]], [[[93.071, 13.274], [93.071, 13.274], [93.071, 13.274], [93.071, 13.274]]], [[[93.071, 13.275], [93.071, 13.275], [93.07, 13.275], [93.071, 13.275]]], [[[93.033, 13.28], [93.033, 13.281], [93.031, 13.28], [93.033, 13.28]]], [[[93.015, 13.285], [93.013, 13.285], [93.015, 13.283], [93.015, 13.285]]], [[[92.8, 13.286], [92.8, 13.287], [92.8, 13.286], [92.8, 13.286]]], [[[92.815, 13.288], [92.817, 13.282], [92.819, 13.286], [92.815, 13.288]]], [[[93.021, 13.294], [93.021, 13.295], [93.021, 13.295], [93.021, 13.294]]], [[[93.08, 13.295], [93.08, 13.295], [93.08, 13.295], [93.08, 13.295]]], [[[93.022, 13.295], [93.022, 13.295], [93.021, 13.295], [93.022, 13.295]]], [[[93.076, 13.295], [93.076, 13.296], [93.076, 13.296], [93.076, 13.295]]], [[[93.077, 13.296], [93.078, 13.296], [93.077, 13.296], [93.077, 13.296]]], [[[93.078, 13.296], [93.078, 13.296], [93.078, 13.296], [93.078, 13.296]]], [[[93.049, 13.295], [93.045, 13.294], [93.049, 13.293], [93.049, 13.295]]], [[[93.076, 13.296], [93.076, 13.296], [93.076, 13.296], [93.076, 13.296]]], [[[93.077, 13.296], [93.077, 13.296], [93.077, 13.296], [93.077, 13.296]]], [[[93.076, 13.296], [93.076, 13.296], [93.076, 13.296], [93.076, 13.296]]], [[[93.079, 13.296], [93.078, 13.296], [93.078, 13.296], [93.079, 13.296]]], [[[93.078, 13.296], [93.078, 13.296], [93.077, 13.296], [93.078, 13.296]]], [[[93.076, 13.296], [93.076, 13.297], [93.076, 13.297], [93.076, 13.296]]], [[[93.079, 13.297], [93.079, 13.297], [93.079, 13.297], [93.079, 13.297]]], [[[93.082, 13.297], [93.082, 13.298], [93.082, 13.297], [93.082, 13.297]]], [[[93.08, 13.297], [93.08, 13.298], [93.08, 13.298], [93.08, 13.297]]], [[[93.081, 13.299], [93.081, 13.298], [93.081, 13.298], [93.081, 13.299]]], [[[93.081, 13.299], [93.081, 13.299], [93.081, 13.299], [93.081, 13.299]]], [[[92.985, 13.298], [92.985, 13.3], [92.983, 13.299], [92.985, 13.298]]], [[[93.082, 13.3], [93.082, 13.3], [93.082, 13.3], [93.082, 13.3]]], [[[93.083, 13.3], [93.082, 13.3], [93.082, 13.3], [93.083, 13.3]]], [[[93.083, 13.3], [93.083, 13.3], [93.083, 13.3], [93.083, 13.3]]], [[[93.022, 13.315], [93.022, 13.315], [93.022, 13.315], [93.022, 13.315]]], [[[93.022, 13.316], [93.022, 13.316], [93.022, 13.316], [93.022, 13.316]]], [[[93.022, 13.316], [93.022, 13.317], [93.022, 13.316], [93.022, 13.316]]], [[[93.021, 13.318], [93.022, 13.318], [93.021, 13.318], [93.021, 13.318]]], [[[93.005, 13.307], [93.008, 13.321], [92.995, 13.298], [93.005, 13.307]]], [[[93.005, 13.323], [92.994, 13.319], [93.0, 13.316], [93.005, 13.323]]], [[[93.021, 13.329], [93.014, 13.309], [93.021, 13.302], [93.021, 13.329]]], [[[93.008, 13.338], [93.007, 13.335], [93.009, 13.337], [93.008, 13.338]]], [[[92.969, 13.339], [92.964, 13.335], [92.966, 13.333], [92.969, 13.339]]], [[[93.015, 13.339], [93.012, 13.337], [93.014, 13.337], [93.015, 13.339]]], [[[93.036, 13.34], [93.038, 13.344], [93.035, 13.343], [93.036, 13.34]]], [[[93.019, 13.345], [93.016, 13.343], [93.017, 13.337], [93.019, 13.345]]], [[[93.036, 13.361], [93.035, 13.361], [93.036, 13.361], [93.036, 13.361]]], [[[93.081, 13.366], [93.081, 13.366], [93.081, 13.366], [93.081, 13.366]]], [[[93.081, 13.366], [93.081, 13.367], [93.081, 13.366], [93.081, 13.366]]], [[[93.081, 13.367], [93.081, 13.367], [93.081, 13.367], [93.081, 13.367]]], [[[93.076, 13.367], [93.072, 13.366], [93.076, 13.362], [93.076, 13.367]]], [[[93.082, 13.367], [93.082, 13.367], [93.082, 13.367], [93.082, 13.367]]], [[[93.038, 13.364], [93.04, 13.368], [93.036, 13.364], [93.038, 13.364]]], [[[92.83, 13.368], [92.829, 13.369], [92.829, 13.369], [92.83, 13.368]]], [[[93.082, 13.367], [93.081, 13.37], [93.079, 13.368], [93.082, 13.367]]], [[[93.036, 13.374], [93.036, 13.375], [93.035, 13.375], [93.036, 13.374]]], [[[93.047, 13.374], [93.036, 13.371], [93.041, 13.365], [93.047, 13.374]]], [[[93.045, 13.376], [93.044, 13.377], [93.044, 13.376], [93.045, 13.376]]], [[[93.078, 13.376], [93.078, 13.377], [93.078, 13.377], [93.078, 13.376]]], [[[93.08, 13.377], [93.08, 13.377], [93.08, 13.377], [93.08, 13.377]]], [[[93.077, 13.377], [93.077, 13.377], [93.077, 13.377], [93.077, 13.377]]], [[[93.078, 13.377], [93.078, 13.377], [93.078, 13.377], [93.078, 13.377]]], [[[93.079, 13.377], [93.078, 13.377], [93.079, 13.376], [93.079, 13.377]]], [[[93.06, 13.369], [93.038, 13.322], [93.078, 13.296], [93.06, 13.369]]], [[[93.063, 13.387], [93.061, 13.382], [93.067, 13.386], [93.063, 13.387]]], [[[93.083, 13.396], [93.083, 13.397], [93.083, 13.396], [93.083, 13.396]]], [[[93.083, 13.397], [93.082, 13.398], [93.082, 13.396], [93.083, 13.397]]], [[[92.847, 13.419], [92.847, 13.42], [92.846, 13.42], [92.847, 13.419]]], [[[92.862, 13.423], [92.862, 13.421], [92.863, 13.422], [92.862, 13.423]]], [[[93.095, 13.42], [93.086, 13.416], [93.09, 13.407], [93.095, 13.42]]], [[[92.815, 13.421], [92.811, 13.432], [92.809, 13.4], [92.815, 13.421]]], [[[93.072, 13.432], [93.066, 13.423], [93.07, 13.413], [93.072, 13.432]]], [[[93.087, 13.431], [93.088, 13.432], [93.087, 13.433], [93.087, 13.431]]], [[[93.074, 13.432], [93.073, 13.433], [93.073, 13.432], [93.074, 13.432]]], [[[93.078, 13.433], [93.076, 13.433], [93.076, 13.432], [93.078, 13.433]]], [[[93.097, 13.439], [93.096, 13.431], [93.104, 13.429], [93.097, 13.439]]], [[[92.843, 13.439], [92.824, 13.44], [92.821, 13.421], [92.843, 13.439]]], [[[92.87, 13.454], [92.87, 13.454], [92.869, 13.454], [92.87, 13.454]]], [[[92.866, 13.462], [92.867, 13.464], [92.863, 13.461], [92.866, 13.462]]], [[[94.264, 13.464], [94.239, 13.448], [94.245, 13.433], [94.264, 13.464]]], [[[92.871, 13.514], [92.865, 13.506], [92.869, 13.502], [92.871, 13.514]]], [[[92.906, 13.521], [92.905, 13.52], [92.907, 13.52], [92.906, 13.521]]], [[[92.985, 13.53], [92.985, 13.528], [92.985, 13.529], [92.985, 13.53]]], [[[92.979, 13.536], [92.978, 13.537], [92.978, 13.536], [92.979, 13.536]]], [[[92.986, 13.534], [92.983, 13.538], [92.978, 13.531], [92.986, 13.534]]], [[[92.909, 13.538], [92.905, 13.529], [92.912, 13.534], [92.909, 13.538]]], [[[92.877, 13.537], [92.874, 13.541], [92.874, 13.537], [92.877, 13.537]]], [[[92.915, 13.541], [92.917, 13.543], [92.914, 13.544], [92.915, 13.541]]], [[[93.057, 13.567], [93.051, 13.565], [93.053, 13.559], [93.057, 13.567]]], [[[93.002, 13.571], [92.998, 13.57], [93.001, 13.569], [93.002, 13.571]]], [[[92.829, 13.21], [92.849, 13.161], [92.808, 13.154], [92.847, 13.118], [92.808, 13.127], [92.788, 13.02], [92.837, 13.023], [92.842, 12.991], [92.79, 12.961], [92.842, 12.877], [92.873, 12.884], [92.84, 12.95], [92.871, 12.936], [92.883, 13.006], [92.91, 12.945], [92.939, 12.969], [92.894, 13.011], [92.915, 13.056], [92.844, 13.051], [92.912, 13.067], [92.873, 13.149], [92.923, 13.053], [92.941, 13.146], [92.96, 13.014], [93.034, 13.081], [93.066, 13.274], [92.974, 13.282], [92.997, 13.315], [92.948, 13.317], [92.945, 13.351], [93.031, 13.344], [93.034, 13.374], [92.98, 13.38], [93.068, 13.397], [92.989, 13.427], [93.037, 13.441], [93.005, 13.463], [93.043, 13.505], [93.027, 13.579], [93.011, 13.549], [92.982, 13.569], [92.991, 13.518], [92.965, 13.55], [92.914, 13.535], [92.945, 13.52], [92.913, 13.512], [92.92, 13.455], [92.925, 13.499], [92.869, 13.474], [92.899, 13.429], [92.875, 13.402], [92.925, 13.39], [92.886, 13.398], [92.886, 13.367], [92.842, 13.41], [92.87, 13.391], [92.83, 13.369], [92.811, 13.271], [92.87, 13.258], [92.839, 13.246], [92.863, 13.185], [92.85, 13.239], [92.829, 13.21]]], [[[92.902, 13.604], [92.885, 13.598], [92.883, 13.574], [92.902, 13.604]]], [[[93.015, 13.631], [93.015, 13.632], [93.014, 13.629], [93.015, 13.631]]], [[[93.014, 13.635], [93.013, 13.633], [93.014, 13.633], [93.014, 13.635]]], [[[93.01, 13.639], [93.01, 13.639], [93.01, 13.638], [93.01, 13.639]]], [[[93.035, 13.642], [93.035, 13.644], [93.034, 13.642], [93.035, 13.642]]], [[[93.034, 13.645], [93.035, 13.647], [93.033, 13.645], [93.034, 13.645]]], [[[93.064, 13.654], [93.043, 13.643], [93.046, 13.62], [93.064, 13.654]]], [[[93.108, 13.656], [93.108, 13.657], [93.108, 13.656], [93.108, 13.656]]], [[[93.111, 13.657], [93.111, 13.658], [93.11, 13.657], [93.111, 13.657]]], [[[93.106, 13.658], [93.106, 13.658], [93.106, 13.658], [93.106, 13.658]]], [[[93.108, 13.661], [93.107, 13.662], [93.107, 13.661], [93.108, 13.661]]], [[[93.03, 13.663], [93.03, 13.663], [93.03, 13.664], [93.03, 13.663]]], [[[93.013, 13.677], [92.971, 13.65], [93.02, 13.622], [93.013, 13.677]]]]}, "properties": {"OBJECTID": 1, "STNAME": "Andaman & Nicobar", "STCODE11": "35", "STNAME_SH": "ANDAMAN & NICOBAR", "State_LGD": 35, "Shape_Length": 5951764.152994271, "Shape_Area": 8120248257.324697, "Remarks": "", "Zone": "South Zone"}}, {"type": "Feature", "id": 2, "geometry": {"type": "Polygon", "coordinates": [[[84.678, 19.167], [84.667, 19.13], [84.596, 19.132], [84.671, 19.076], [84.601, 19.025], [84.573, 19.074], [84.479, 18.988], [84.421, 19.022], [84.438, 18.92], [84.379, 18.904], [84.392, 18.876], [84.36, 18.895], [84.374, 18.861], [84.331, 18.883], [84.364, 18.837], [84.345, 18.802], [84.089, 18.757], [84.038, 18.816], [83.893, 18.814], [83.795, 19.018], [83.745, 18.988], [83.788, 18.916], [83.754, 18.925], [83.626, 19.163], [83.584, 19.058], [83.549, 19.081], [83.537, 19.009], [83.468, 19.093], [83.462, 18.955], [83.4, 19.009], [83.311, 18.999], [83.326, 18.932], [83.355, 18.967], [83.387, 18.933], [83.352, 18.943], [83.406, 18.843], [83.271, 18.765], [83.225, 18.775], [83.212, 18.73], [83.139, 18.785], [83.013, 18.646], [83.045, 18.544], [83.095, 18.547], [83.021, 18.456], [83.067, 18.43], [83.054, 18.38], [82.94, 18.361], [82.894, 18.382], [82.895, 18.424], [82.803, 18.449], [82.774, 18.34], [82.643, 18.302], [82.638, 18.237], [82.581, 18.315], [82.621, 18.36], [82.536, 18.406], [82.561, 18.448], [82.483, 18.549], [82.364, 18.422], [82.386, 18.368], [82.338, 18.327], [82.389, 18.329], [82.392, 18.298], [82.311, 18.204], [82.372, 18.148], [82.339, 18.147], [82.344, 18.058], [82.273, 18.057], [82.266, 17.999], [82.032, 18.069], [81.726, 17.879], [81.67, 17.887], [81.617, 17.822], [81.474, 17.838], [81.392, 17.794], [81.166, 17.858], [81.058, 17.733], [80.973, 17.78], [80.928, 17.762], [80.886, 17.736], [80.88, 17.648], [81.005, 17.649], [80.969, 17.598], [81.015, 17.522], [81.127, 17.526], [81.148, 17.464], [81.312, 17.409], [81.323, 17.375], [81.274, 17.317], [81.19, 17.325], [81.174, 17.23], [81.055, 17.225], [81.031, 17.19], [80.919, 17.22], [80.924, 17.158], [80.879, 17.161], [80.845, 17.04], [80.654, 17.069], [80.671, 17.101], [80.58, 17.153], [80.514, 17.122], [80.465, 17.03], [80.409, 17.091], [80.407, 17.016], [80.363, 16.976], [80.493, 16.927], [80.535, 16.961], [80.602, 16.919], [80.563, 16.833], [80.613, 16.794], [80.57, 16.768], [80.384, 16.865], [80.38, 16.817], [80.322, 16.88], [80.294, 16.996], [80.196, 17.044], [80.017, 16.915], [79.999, 16.865], [80.071, 16.802], [79.963, 16.644], [79.91, 16.634], [79.878, 16.697], [79.774, 16.731], [79.447, 16.62], [79.419, 16.58], [79.257, 16.566], [79.215, 16.488], [79.217, 16.227], [79.01, 16.24], [78.905, 16.184], [78.896, 16.086], [78.872, 16.144], [78.834, 16.144], [78.838, 16.072], [78.783, 16.02], [78.735, 16.008], [78.627, 16.088], [78.552, 16.043], [78.408, 16.075], [78.312, 16.012], [78.261, 16.026], [78.252, 15.935], [78.134, 15.836], [78.032, 15.907], [78.009, 15.862], [77.888, 15.906], [77.804, 15.874], [77.249, 15.965], [77.075, 15.912], [77.025, 15.838], [77.065, 15.828], [77.046, 15.74], [77.129, 15.666], [77.121, 15.631], [77.083, 15.659], [77.03, 15.634], [77.03, 15.503], [76.974, 15.5], [77.064, 15.328], [77.113, 15.334], [77.167, 15.269], [77.125, 15.227], [77.169, 15.171], [77.082, 15.006], [76.777, 15.078], [76.767, 14.976], [76.867, 14.97], [76.87, 14.938], [76.854, 14.809], [76.783, 14.786], [76.765, 14.602], [76.868, 14.474], [76.975, 14.485], [76.943, 14.399], [76.885, 14.396], [76.885, 14.348], [76.957, 14.294], [76.94, 14.245], [77.101, 14.217], [77.139, 14.34], [77.287, 14.34], [77.284, 14.283], [77.364, 14.276], [77.393, 14.199], [77.418, 14.226], [77.377, 14.308], [77.406, 14.338], [77.498, 14.279], [77.517, 14.183], [77.394, 14.174], [77.352, 14.131], [77.347, 14.104], [77.401, 14.119], [77.332, 14.031], [77.39, 14.017], [77.382, 13.976], [77.438, 13.976], [77.399, 13.888], [77.348, 13.916], [77.371, 13.953], [77.322, 14.03], [77.149, 14.001], [77.127, 14.047], [77.028, 14.062], [77.023, 14.177], [76.948, 14.198], [76.895, 14.168], [76.886, 14.138], [76.978, 14.071], [76.931, 14.03], [77.042, 13.933], [76.978, 13.827], [76.997, 13.748], [77.024, 13.779], [77.065, 13.744], [77.173, 13.762], [77.169, 13.83], [77.128, 13.856], [77.169, 13.864], [77.185, 13.925], [77.2, 13.863], [77.236, 13.904], [77.257, 13.847], [77.433, 13.843], [77.423, 13.799], [77.465, 13.806], [77.455, 13.682], [77.485, 13.715], [77.528, 13.693], [77.526, 13.753], [77.631, 13.736], [77.651, 13.784], [77.717, 13.741], [77.719, 13.8], [77.837, 13.87], [77.827, 13.945], [77.927, 13.905], [77.988, 13.955], [77.953, 13.827], [78.0, 13.873], [78.046, 13.862], [78.049, 13.896], [78.115, 13.863], [78.127, 13.787], [78.092, 13.742], [78.121, 13.716], [78.066, 13.676], [78.087, 13.643], [78.168, 13.656], [78.204, 13.628], [78.193, 13.565], [78.236, 13.599], [78.402, 13.588], [78.365, 13.362], [78.409, 13.343], [78.377, 13.332], [78.483, 13.321], [78.532, 13.267], [78.566, 13.312], [78.587, 13.281], [78.55, 13.2], [78.58, 13.167], [78.517, 13.132], [78.539, 13.106], [78.462, 13.043], [78.467, 12.975], [78.411, 12.945], [78.465, 12.867], [78.446, 12.912], [78.354, 12.94], [78.312, 12.859], [78.252, 12.861], [78.241, 12.73], [78.199, 12.695], [78.272, 12.705], [78.379, 12.625], [78.465, 12.624], [78.468, 12.676], [78.52, 12.712], [78.493, 12.747], [78.556, 12.7], [78.657, 12.932], [78.621, 12.991], [78.656, 13.031], [78.705, 13.015], [78.715, 13.069], [78.892, 13.097], [78.892, 13.033], [78.937, 13.03], [78.904, 13.048], [78.924, 13.081], [78.995, 13.087], [79.081, 13.026], [79.163, 13.02], [79.181, 13.084], [79.234, 13.105], [79.235, 13.171], [79.307, 13.106], [79.361, 13.124], [79.374, 13.189], [79.438, 13.188], [79.453, 13.238], [79.408, 13.265], [79.445, 13.301], [79.382, 13.307], [79.435, 13.352], [79.537, 13.339], [79.535, 13.275], [79.579, 13.258], [79.683, 13.296], [79.684, 13.244], [79.755, 13.206], [79.794, 13.226], [79.731, 13.283], [79.76, 13.318], [79.792, 13.294], [79.933, 13.352], [79.972, 13.469], [80.047, 13.494], [79.999, 13.543], [80.081, 13.55], [80.078, 13.489], [80.242, 13.471], [80.253, 13.786], [80.126, 14.164], [80.196, 14.586], [80.098, 14.78], [80.047, 15.08], [80.085, 15.283], [80.284, 15.688], [80.429, 15.805], [80.681, 15.885], [80.807, 15.84], [80.801, 15.806], [80.78, 15.835], [80.822, 15.709], [80.937, 15.714], [81.008, 15.753], [81.005, 15.838], [81.148, 15.974], [81.214, 16.207], [81.305, 16.304], [81.487, 16.355], [81.721, 16.307], [82.314, 16.559], [82.263, 16.563], [82.313, 16.668], [82.319, 16.577], [82.317, 16.662], [82.365, 16.707], [82.328, 16.685], [82.356, 16.968], [82.326, 16.988], [82.362, 16.854], [82.314, 16.846], [82.241, 16.908], [82.319, 17.058], [82.562, 17.262], [83.216, 17.595], [83.605, 18.037], [83.795, 18.168], [84.127, 18.313], [84.761, 19.079], [84.678, 19.167]], [[84.35, 18.791], [84.353, 18.79], [84.352, 18.786], [84.35, 18.791]], [[84.339, 18.79], [84.339, 18.779], [84.329, 18.787], [84.339, 18.79]], [[82.203, 16.747], [82.311, 16.735], [82.261, 16.702], [82.203, 16.747]], [[79.843, 13.324], [79.846, 13.328], [79.85, 13.324], [79.843, 13.324]]]}, "properties": {"OBJECTID": 2, "STNAME": "Andhra Pradesh", "STCODE11": "37", "STNAME_SH": "ANDHRA PRADESH", "State_LGD": 28, "Shape_Length": 5619394.164406246, "Shape_Area": 177047596629.17603, "Remarks": "", "Zone": "South Zone"}}, {"type": "Feature", "id": 3, "geometry": {"type": "Polygon", "coordinates": [[[96.148, 29.387], [96.067, 29.466], [95.942, 29.388], [95.766, 29.356], [95.527, 29.216], [95.531, 29.13], [95.481, 29.143], [95.466, 29.066], [95.411, 29.031], [95.26, 29.054], [95.242, 29.111], [94.993, 29.171], [95.022, 29.134], [94.804, 29.162], [94.741, 29.275], [94.631, 29.341], [94.551, 29.221], [94.438, 29.223], [94.224, 29.088], [94.164, 28.957], [94.007, 28.841], [94.01, 28.773], [93.936, 28.666], [93.851, 28.707], [93.784, 28.663], [93.496, 28.686], [93.333, 28.639], [93.278, 28.501], [93.18, 28.435], [93.224, 28.405], [93.218, 28.326], [93.022, 28.31], [92.997, 28.229], [92.963, 28.259], [92.836, 28.179], [92.815, 28.211], [92.688, 28.127], [92.667, 28.064], [92.742, 27.993], [92.556, 27.824], [92.503, 27.854], [92.313, 27.788], [92.278, 27.869], [92.219, 27.87], [91.928, 27.723], [91.862, 27.74], [91.821, 27.816], [91.71, 27.808], [91.576, 27.864], [91.566, 27.819], [91.615, 27.822], [91.645, 27.763], [91.564, 27.641], [91.566, 27.583], [91.652, 27.483], [92.019, 27.478], [92.065, 27.327], [92.125, 27.282], [92.038, 27.258], [92.073, 27.233], [92.023, 27.11], [92.118, 26.974], [92.12, 26.889], [92.583, 26.96], [92.672, 27.032], [92.887, 27.0], [93.022, 26.913], [93.324, 26.96], [93.489, 26.936], [93.665, 26.969], [93.771, 27.062], [93.829, 27.067], [93.806, 27.149], [94.157, 27.475], [94.268, 27.521], [94.21, 27.605], [94.238, 27.633], [94.364, 27.574], [94.432, 27.6], [94.462, 27.555], [94.922, 27.75], [95.309, 27.868], [95.38, 27.839], [95.52, 27.881], [95.605, 27.955], [95.971, 27.963], [95.752, 27.721], [95.791, 27.6], [95.877, 27.544], [95.845, 27.422], [95.883, 27.435], [95.886, 27.398], [95.941, 27.437], [96.018, 27.365], [95.892, 27.255], [95.801, 27.284], [95.588, 27.223], [95.509, 27.262], [95.458, 27.209], [95.453, 27.129], [95.246, 27.024], [95.193, 27.036], [95.23, 26.885], [95.181, 26.859], [95.241, 26.781], [95.213, 26.729], [95.259, 26.656], [95.431, 26.701], [95.507, 26.809], [95.543, 26.835], [95.608, 26.813], [95.667, 26.903], [95.724, 26.882], [95.802, 27.015], [95.946, 27.052], [96.023, 27.18], [96.228, 27.279], [96.524, 27.287], [96.605, 27.366], [96.705, 27.372], [96.797, 27.346], [96.885, 27.26], [96.874, 27.181], [97.139, 27.091], [97.164, 27.142], [96.903, 27.453], [96.93, 27.524], [96.897, 27.609], [97.249, 27.899], [97.374, 27.88], [97.373, 27.968], [97.413, 28.015], [97.31, 28.075], [97.347, 28.11], [97.328, 28.15], [97.401, 28.192], [97.106, 28.347], [96.988, 28.303], [96.89, 28.378], [96.77, 28.367], [96.641, 28.458], [96.457, 28.414], [96.395, 28.336], [96.363, 28.386], [96.253, 28.407], [96.362, 28.48], [96.319, 28.526], [96.345, 28.554], [96.474, 28.622], [96.467, 28.675], [96.579, 28.712], [96.609, 28.78], [96.509, 28.966], [96.465, 28.983], [96.514, 29.074], [96.327, 29.028], [96.161, 28.898], [96.135, 28.935], [96.171, 28.999], [96.102, 29.079], [96.245, 29.166], [96.342, 29.178], [96.381, 29.255], [96.354, 29.292], [96.235, 29.242], [96.148, 29.387]]]}, "properties": {"OBJECTID": 3, "STNAME": "Arunachal Pradesh", "STCODE11": "12", "STNAME_SH": "ARUNACHAL PRADESH", "State_LGD": 12, "Shape_Length": 3019352.431172343, "Shape_Area": 105791475455.223, "Remarks": "", "Zone": "North East Zone"}}, {"type": "Feature", "id": 4, "geometry": {"type": "Polygon", "coordinates": [[[95.87, 27.969], [95.605, 27.955], [95.52, 27.881], [95.38, 27.839], [95.309, 27.868], [94.852, 27.728], [94.462, 27.555], [94.432, 27.6], [94.364, 27.574], [94.238, 27.633], [94.21, 27.605], [94.268, 27.521], [94.157, 27.475], [93.806, 27.149], [93.829, 27.067], [93.587, 26.95], [93.323, 26.96], [93.022, 26.913], [92.887, 27.0], [92.672, 27.032], [92.583, 26.96], [92.114, 26.894], [92.057, 26.847], [91.892, 26.919], [91.69, 26.806], [91.495, 26.791], [91.408, 26.84], [91.337, 26.781], [91.098, 26.822], [91.054, 26.781], [90.717, 26.768], [90.547, 26.817], [90.417, 26.905], [90.3, 26.848], [90.231, 26.859], [90.195, 26.773], [90.14, 26.754], [89.863, 26.737], [89.872, 26.452], [89.83, 26.397], [89.859, 26.384], [89.751, 26.321], [89.758, 26.288], [89.72, 26.307], [89.739, 26.27], [89.703, 26.258], [89.732, 26.238], [89.7, 26.218], [89.733, 26.212], [89.699, 26.191], [89.795, 26.088], [89.788, 26.019], [89.807, 26.044], [89.82, 25.988], [89.836, 26.013], [89.871, 25.981], [89.825, 25.946], [89.887, 25.945], [89.817, 25.814], [89.882, 25.626], [89.852, 25.466], [89.878, 25.55], [90.02, 25.607], [89.895, 25.745], [89.938, 25.745], [89.948, 25.825], [90.004, 25.839], [90.019, 25.892], [90.151, 25.967], [90.187, 25.944], [90.476, 26.01], [90.535, 25.95], [90.515, 25.896], [90.588, 25.958], [90.622, 25.898], [90.718, 25.955], [90.766, 25.908], [90.809, 25.952], [90.917, 25.914], [90.947, 25.948], [90.969, 25.885], [91.031, 25.886], [91.006, 25.82], [91.196, 25.861], [91.178, 25.777], [91.222, 25.723], [91.335, 25.841], [91.53, 25.871], [91.475, 25.874], [91.58, 26.033], [91.631, 26.022], [91.609, 25.937], [91.671, 25.904], [91.72, 25.954], [91.731, 26.059], [91.825, 26.119], [91.879, 26.098], [91.867, 26.042], [91.919, 25.998], [92.169, 26.078], [92.275, 26.066], [92.152, 25.944], [92.155, 25.911], [92.226, 25.909], [92.151, 25.817], [92.156, 25.672], [92.384, 25.755], [92.506, 25.616], [92.554, 25.615], [92.572, 25.557], [92.653, 25.591], [92.565, 25.465], [92.599, 25.468], [92.607, 25.413], [92.654, 25.434], [92.738, 25.379], [92.787, 25.314], [92.762, 25.247], [92.803, 25.216], [92.663, 25.177], [92.621, 25.115], [92.522, 25.139], [92.539, 25.099], [92.481, 25.108], [92.416, 24.99], [92.468, 24.963], [92.449, 24.939], [92.488, 24.947], [92.488, 24.871], [92.4, 24.849], [92.299, 24.916], [92.233, 24.9], [92.296, 24.736], [92.213, 24.504], [92.274, 24.388], [92.213, 24.25], [92.423, 24.255], [92.465, 24.136], [92.534, 24.18], [92.551, 24.247], [92.612, 24.253], [92.625, 24.334], [92.685, 24.347], [92.763, 24.521], [92.83, 24.374], [93.042, 24.413], [93.058, 24.574], [93.104, 24.582], [93.071, 24.601], [93.109, 24.811], [93.197, 24.811], [93.263, 24.961], [93.244, 25.018], [93.332, 25.094], [93.381, 25.24], [93.471, 25.305], [93.458, 25.431], [93.327, 25.546], [93.714, 25.845], [93.682, 25.904], [93.765, 25.97], [93.795, 25.809], [93.979, 25.917], [93.953, 26.003], [94.001, 26.172], [94.105, 26.32], [94.175, 26.34], [94.172, 26.43], [94.256, 26.541], [94.285, 26.561], [94.317, 26.458], [94.401, 26.534], [94.403, 26.611], [94.46, 26.662], [94.758, 26.766], [94.923, 26.946], [95.017, 26.921], [95.193, 27.036], [95.246, 27.024], [95.453, 27.129], [95.458, 27.209], [95.509, 27.262], [95.588, 27.223], [95.801, 27.284], [95.892, 27.255], [96.018, 27.365], [95.941, 27.437], [95.886, 27.398], [95.883, 27.435], [95.845, 27.422], [95.877, 27.544], [95.791, 27.6], [95.752, 27.72], [95.972, 27.962], [95.87, 27.969]], [[89.79, 26.342], [89.807, 26.349], [89.823, 26.328], [89.79, 26.342]]]}, "properties": {"OBJECTID": 4, "STNAME": "Assam", "STCODE11": "18", "STNAME_SH": "ASSAM", "State_LGD": 18, "Shape_Length": 3672132.8251540335, "Shape_Area": 98104047180.54468, "Remarks": "", "Zone": "North East Zone"}}, {"type": "Feature", "id": 5, "geometry": {"type": "Polygon", "coordinates": [[[84.109, 27.521], [84.027, 27.434], [83.847, 27.446], [83.883, 27.374], [83.837, 27.322], [83.932, 27.311], [83.905, 27.258], [83.994, 27.175], [83.946, 27.091], [84.03, 27.098], [84.0, 27.069], [84.05, 27.043], [84.06, 26.888], [84.146, 26.885], [84.166, 26.834], [84.254, 26.857], [84.241, 26.739], [84.306, 26.749], [84.33, 26.684], [84.41, 26.67], [84.42, 26.627], [84.281, 26.6], [84.086, 26.639], [84.048, 26.536], [83.908, 26.519], [83.908, 26.447], [84.017, 26.448], [84.079, 26.383], [84.176, 26.371], [84.166, 26.241], [84.012, 26.232], [84.056, 26.1], [84.118, 26.08], [84.17, 25.988], [84.354, 25.959], [84.428, 25.891], [84.534, 25.876], [84.531, 25.832], [84.625, 25.792], [84.603, 25.762], [84.635, 25.728], [84.56, 25.737], [84.557, 25.68], [84.539, 25.727], [84.499, 25.675], [84.336, 25.744], [84.324, 25.671], [84.277, 25.66], [84.105, 25.721], [84.081, 25.636], [83.817, 25.463], [83.846, 25.434], [83.769, 25.386], [83.702, 25.396], [83.357, 25.2], [83.32, 25.017], [83.35, 25.009], [83.393, 24.783], [83.489, 24.736], [83.5, 24.651], [83.548, 24.623], [83.503, 24.525], [83.721, 24.503], [83.873, 24.532], [83.936, 24.549], [84.008, 24.643], [84.111, 24.477], [84.144, 24.538], [84.17, 24.503], [84.187, 24.553], [84.257, 24.527], [84.297, 24.561], [84.328, 24.492], [84.297, 24.449], [84.424, 24.33], [84.505, 24.331], [84.496, 24.286], [84.568, 24.409], [84.665, 24.391], [84.685, 24.455], [84.802, 24.531], [84.839, 24.513], [84.84, 24.452], [84.887, 24.463], [84.904, 24.372], [85.081, 24.433], [85.089, 24.372], [85.174, 24.421], [85.161, 24.46], [85.392, 24.53], [85.371, 24.555], [85.524, 24.521], [85.581, 24.601], [85.667, 24.579], [85.649, 24.685], [85.708, 24.726], [85.737, 24.821], [85.867, 24.804], [85.944, 24.734], [86.055, 24.78], [86.037, 24.741], [86.091, 24.746], [86.128, 24.699], [86.125, 24.611], [86.323, 24.587], [86.276, 24.466], [86.445, 24.368], [86.51, 24.522], [86.603, 24.608], [86.67, 24.565], [86.789, 24.619], [86.803, 24.57], [86.915, 24.542], [86.938, 24.65], [87.051, 24.609], [87.074, 24.82], [87.156, 24.885], [87.146, 25.02], [87.214, 25.091], [87.295, 25.089], [87.327, 25.224], [87.478, 25.194], [87.486, 25.297], [87.543, 25.281], [87.584, 25.349], [87.612, 25.313], [87.692, 25.312], [87.711, 25.258], [87.827, 25.235], [87.861, 25.281], [87.766, 25.385], [87.787, 25.45], [87.825, 25.438], [87.928, 25.537], [88.073, 25.484], [88.02, 25.591], [88.049, 25.697], [87.904, 25.771], [87.915, 25.854], [87.83, 25.871], [87.807, 25.93], [87.838, 25.931], [87.856, 26.036], [87.986, 26.078], [87.975, 26.143], [88.072, 26.174], [88.294, 26.351], [88.232, 26.38], [88.27, 26.42], [88.224, 26.482], [88.18, 26.488], [88.225, 26.557], [88.13, 26.516], [88.098, 26.538], [88.096, 26.44], [88.031, 26.365], [87.927, 26.418], [87.888, 26.487], [87.849, 26.436], [87.79, 26.469], [87.765, 26.41], [87.678, 26.435], [87.61, 26.381], [87.464, 26.44], [87.369, 26.408], [87.341, 26.348], [87.261, 26.409], [87.163, 26.404], [87.092, 26.45], [87.072, 26.586], [86.894, 26.462], [86.766, 26.459], [86.731, 26.423], [86.333, 26.619], [86.218, 26.588], [86.028, 26.667], [85.849, 26.569], [85.851, 26.609], [85.734, 26.651], [85.734, 26.796], [85.635, 26.872], [85.335, 26.742], [85.211, 26.758], [85.191, 26.87], [85.024, 26.854], [85.061, 26.887], [84.968, 26.916], [84.963, 26.961], [84.643, 27.046], [84.691, 27.215], [84.622, 27.337], [84.292, 27.385], [84.254, 27.454], [84.209, 27.443], [84.109, 27.521]]]}, "properties": {"OBJECTID": 5, "STNAME": "Bihar", "STCODE11": "10", "STNAME_SH": "BIHAR", "State_LGD": 10, "Shape_Length": 3380757.6753851073, "Shape_Area": 116431281921.25446, "Remarks": "", "Zone": "East Zone"}}, {"type": "Feature", "id": 6, "geometry": {"type": "Polygon", "coordinates": [[[76.772, 30.794], [76.705, 30.743], [76.809, 30.667], [76.848, 30.73], [76.772, 30.794]]]}, "properties": {"OBJECTID": 6, "STNAME": "Chandigarh", "STCODE11": "04", "STNAME_SH": "CHANDIGARH", "State_LGD": 4, "Shape_Length": 73295.60770254076, "Shape_Area": 155776138.7659101, "Remarks": "", "Zone": "North Zone"}}, {"type": "Feature", "id": 7, "geometry": {"type": "Polygon", "coordinates": [[[83.346, 24.097], [83.141, 23.885], [82.948, 23.871], [82.801, 23.961], [82.662, 23.908], [82.66, 23.855], [82.533, 23.822], [82.524, 23.784], [82.232, 23.805], [82.212, 23.852], [82.054, 23.818], [81.929, 23.871], [81.791, 23.809], [81.669, 23.925], [81.609, 23.903], [81.603, 23.854], [81.696, 23.721], [81.577, 23.585], [81.612, 23.51], [81.637, 23.49], [81.747, 23.57], [81.836, 23.511], [81.923, 23.533], [81.985, 23.414], [82.025, 23.425], [82.056, 23.377], [82.103, 23.398], [82.194, 23.324], [82.145, 23.227], [82.161, 23.143], [82.122, 23.104], [81.942, 23.079], [81.946, 22.957], [81.776, 22.874], [81.772, 22.668], [81.683, 22.647], [81.622, 22.538], [81.522, 22.539], [81.407, 22.441], [81.382, 22.51], [81.327, 22.526], [81.314, 22.483], [81.281, 22.503], [81.232, 22.452], [81.173, 22.488], [81.111, 22.438], [81.119, 22.291], [81.019, 22.221], [81.022, 22.133], [80.978, 22.12], [81.006, 22.063], [80.908, 22.11], [80.825, 21.958], [80.853, 21.873], [80.82, 21.748], [80.756, 21.762], [80.726, 21.714], [80.738, 21.473], [80.66, 21.334], [80.68, 21.299], [80.614, 21.227], [80.464, 21.175], [80.424, 21.009], [80.464, 20.929], [80.546, 20.935], [80.588, 20.685], [80.494, 20.613], [80.521, 20.58], [80.632, 20.598], [80.591, 20.393], [80.626, 20.333], [80.395, 20.245], [80.402, 20.147], [80.506, 20.144], [80.557, 20.072], [80.53, 19.939], [80.411, 19.938], [80.506, 19.871], [80.402, 19.796], [80.489, 19.77], [80.481, 19.828], [80.546, 19.818], [80.553, 19.766], [80.672, 19.701], [80.665, 19.612], [80.836, 19.566], [80.898, 19.48], [80.796, 19.432], [80.853, 19.364], [80.756, 19.289], [80.69, 19.287], [80.68, 19.33], [80.613, 19.31], [80.573, 19.402], [80.394, 19.245], [80.273, 18.991], [80.353, 18.819], [80.244, 18.758], [80.346, 18.595], [80.515, 18.619], [80.735, 18.413], [80.794, 18.26], [80.737, 18.222], [80.745, 18.17], [80.799, 18.168], [80.837, 18.239], [80.873, 18.211], [80.867, 18.137], [80.979, 18.175], [80.949, 18.083], [81.019, 17.791], [81.073, 17.786], [81.166, 17.858], [81.393, 17.794], [81.399, 17.892], [81.445, 17.886], [81.483, 17.977], [81.525, 18.258], [81.659, 18.347], [81.75, 18.353], [81.769, 18.417], [81.964, 18.59], [81.894, 18.657], [81.949, 18.644], [81.971, 18.699], [82.085, 18.719], [82.092, 18.766], [82.165, 18.799], [82.176, 18.903], [82.246, 18.919], [82.218, 19.097], [82.166, 19.133], [82.158, 19.265], [82.194, 19.326], [82.148, 19.372], [82.189, 19.428], [82.126, 19.429], [82.1, 19.517], [82.029, 19.508], [82.066, 19.791], [81.986, 19.801], [81.968, 19.86], [81.853, 19.918], [81.876, 20.052], [81.946, 20.105], [82.033, 20.016], [82.07, 20.057], [82.184, 19.984], [82.237, 20.003], [82.344, 19.835], [82.446, 19.91], [82.597, 19.873], [82.592, 19.776], [82.72, 19.857], [82.715, 19.996], [82.596, 19.992], [82.398, 20.058], [82.386, 20.146], [82.438, 20.294], [82.4, 20.342], [82.438, 20.434], [82.332, 20.562], [82.376, 20.632], [82.351, 20.89], [82.464, 20.829], [82.489, 20.909], [82.629, 21.038], [82.641, 21.155], [82.882, 21.148], [82.965, 21.193], [82.99, 21.14], [83.078, 21.112], [83.193, 21.14], [83.223, 21.266], [83.279, 21.289], [83.269, 21.379], [83.407, 21.352], [83.338, 21.502], [83.383, 21.62], [83.443, 21.655], [83.456, 21.61], [83.49, 21.631], [83.419, 21.681], [83.489, 21.745], [83.469, 21.788], [83.591, 21.851], [83.606, 21.914], [83.539, 21.966], [83.537, 22.043], [83.606, 22.067], [83.562, 22.099], [83.627, 22.204], [83.758, 22.24], [83.864, 22.343], [84.01, 22.372], [84.047, 22.469], [83.975, 22.512], [84.01, 22.573], [84.084, 22.638], [84.224, 22.67], [84.231, 22.74], [84.381, 22.877], [84.375, 22.977], [84.219, 22.979], [84.186, 23.027], [84.149, 22.966], [84.133, 23.083], [84.037, 23.14], [84.075, 23.333], [84.051, 23.375], [84.005, 23.354], [83.967, 23.388], [84.028, 23.546], [84.017, 23.634], [83.932, 23.62], [83.938, 23.569], [83.772, 23.611], [83.705, 23.821], [83.571, 23.862], [83.516, 24.027], [83.346, 24.097]]]}, "properties": {"OBJECTID": 7, "STNAME": "Chhattisgarh", "STCODE11": "22", "STNAME_SH": "CHHATTISGARH", "State_LGD": 22, "Shape_Length": 3638170.874311486, "Shape_Area": 156559167118.53, "Remarks": "", "Zone": "West Zone"}}, {"type": "Feature", "id": 9, "geometry": {"type": "Polygon", "coordinates": [[[77.099, 28.871], [76.948, 28.815], [76.943, 28.628], [76.888, 28.632], [76.842, 28.556], [76.885, 28.501], [77.01, 28.514], [77.007, 28.541], [77.093, 28.514], [77.129, 28.441], [77.217, 28.41], [77.25, 28.426], [77.243, 28.479], [77.347, 28.518], [77.297, 28.566], [77.342, 28.609], [77.331, 28.713], [77.292, 28.706], [77.203, 28.792], [77.214, 28.856], [77.146, 28.838], [77.099, 28.871]]]}, "properties": {"OBJECTID": 9, "STNAME": "Delhi", "STCODE11": "07", "STNAME_SH": "DELHI", "State_LGD": 7, "Shape_Length": 272502.34350394015, "Shape_Area": 1935642455.1914976, "Remarks": "", "Zone": "North Zone"}}, {"type": "Feature", "id": 10, "geometry": {"type": "MultiPolygon", "coordinates": [[[[74.086, 14.9], [74.085, 14.9], [74.085, 14.899], [74.086, 14.9]]], [[[73.689, 15.73], [73.677, 15.726], [73.696, 15.722], [73.689, 15.73]]], [[[73.868, 15.784], [73.785, 15.726], [73.689, 15.719], [73.784, 15.408], [73.884, 15.353], [73.957, 15.135], [73.913, 15.084], [74.041, 14.995], [74.045, 14.916], [74.162, 14.912], [74.164, 14.958], [74.202, 14.926], [74.296, 15.041], [74.273, 15.097], [74.317, 15.186], [74.251, 15.259], [74.336, 15.295], [74.251, 15.492], [74.283, 15.531], [74.245, 15.567], [74.252, 15.654], [74.181, 15.682], [73.993, 15.611], [73.939, 15.743], [73.868, 15.784]]]]}, "properties": {"OBJECTID": 10, "STNAME": "Goa", "STCODE11": "30", "STNAME_SH": "GOA", "State_LGD": 30, "Shape_Length": 428334.0263150775, "Shape_Area": 3999162935.073425, "Remarks": "", "Zone": "South Zone"}}, {"type": "Feature", "id": 11, "geometry": {"type": "MultiPolygon", "coordinates": [[[[72.059, 24.712], [71.94, 24.634], [71.872, 24.682], [71.852, 24.609], [71.792, 24.677], [71.655, 24.639], [71.608, 24.677], [71.479, 24.68], [71.288, 24.616], [71.096, 24.689], [70.999, 24.622], [70.987, 24.543], [70.999, 24.444], [71.122, 24.406], [71.042, 24.351], [70.948, 24.348], [70.875, 24.294], [70.907, 24.259], [70.805, 24.221], [70.571, 24.252], [70.562, 24.354], [70.602, 24.408], [70.573, 24.422], [70.11, 24.295], [70.025, 24.171], [69.731, 24.171], [69.594, 24.292], [69.313, 24.282], [69.194, 24.236], [69.095, 24.274], [69.005, 24.223], [68.945, 24.302], [68.865, 24.213], [68.808, 24.314], [68.765, 24.296], [68.753, 23.971], [68.369, 23.985], [68.329, 23.922], [68.276, 23.929], [68.2, 23.847], [68.184, 23.587], [68.278, 23.56], [68.389, 23.596], [68.421, 23.733], [68.527, 23.746], [68.581, 23.821], [68.693, 23.844], [68.649, 23.739], [68.557, 23.717], [68.484, 23.549], [68.652, 23.303], [68.661, 23.347], [68.714, 23.318], [68.725, 23.255], [68.621, 23.206], [68.669, 23.218], [68.683, 23.153], [68.784, 23.12], [68.759, 23.08], [69.196, 22.838], [69.472, 22.774], [69.417, 22.811], [69.713, 22.806], [70.017, 22.92], [70.148, 23.035], [70.121, 22.963], [70.226, 22.952], [70.211, 23.075], [70.149, 23.037], [70.209, 23.16], [70.302, 23.224], [70.425, 23.237], [70.501, 23.178], [70.579, 23.178], [70.833, 23.25], [70.893, 23.225], [70.863, 23.192], [70.959, 23.195], [70.828, 23.157], [70.858, 23.13], [70.829, 23.08], [70.816, 23.165], [70.768, 23.167], [70.562, 23.029], [70.542, 22.96], [70.433, 22.967], [70.535, 22.912], [70.279, 22.725], [70.185, 22.522], [70.12, 22.486], [69.988, 22.51], [69.979, 22.468], [69.94, 22.483], [69.871, 22.423], [69.833, 22.447], [69.797, 22.378], [69.731, 22.485], [69.655, 22.36], [69.54, 22.377], [69.423, 22.316], [69.333, 22.328], [69.284, 22.255], [69.253, 22.266], [69.213, 22.21], [69.19, 22.244], [69.148, 22.195], [69.168, 22.373], [69.201, 22.401], [69.035, 22.39], [69.068, 22.481], [68.936, 22.312], [68.958, 22.238], [69.217, 21.958], [69.616, 21.625], [70.181, 21.036], [70.438, 20.853], [70.822, 20.691], [70.919, 20.743], [71.072, 20.735], [71.38, 20.874], [71.44, 20.87], [71.517, 20.948], [71.806, 21.038], [72.112, 21.199], [72.083, 21.245], [72.108, 21.302], [72.235, 21.456], [72.306, 21.626], [72.203, 21.819], [72.242, 21.83], [72.212, 21.962], [72.269, 21.971], [72.3, 22.033], [72.544, 22.223], [72.699, 22.2], [72.849, 22.275], [72.783, 22.158], [72.65, 22.215], [72.581, 22.199], [72.526, 21.96], [72.545, 21.911], [72.708, 21.953], [72.725, 21.996], [72.748, 21.967], [72.692, 21.942], [72.691, 21.883], [72.623, 21.884], [72.607, 21.753], [72.532, 21.718], [72.544, 21.661], [72.608, 21.688], [72.963, 21.674], [72.828, 21.651], [72.75, 21.528], [72.58, 21.414], [72.687, 21.452], [72.601, 21.389], [72.6, 21.29], [72.657, 21.225], [72.62, 21.101], [72.741, 21.074], [72.755, 20.939], [72.82, 20.952], [72.78, 20.921], [72.898, 20.587], [72.858, 20.466], [72.895, 20.444], [72.857, 20.42], [72.904, 20.415], [72.897, 20.38], [72.776, 20.333], [72.738, 20.134], [72.824, 20.142], [72.859, 20.225], [72.962, 20.21], [72.912, 20.275], [73.034, 20.292], [73.096, 20.361], [73.103, 20.302], [73.151, 20.318], [73.166, 20.288], [73.064, 20.228], [73.06, 20.162], [73.115, 20.152], [73.168, 20.208], [73.218, 20.186], [73.188, 20.129], [73.249, 20.122], [73.299, 20.209], [73.421, 20.207], [73.413, 20.361], [73.38, 20.394], [73.494, 20.538], [73.393, 20.645], [73.449, 20.717], [73.489, 20.656], [73.52, 20.679], [73.6, 20.637], [73.653, 20.565], [73.745, 20.565], [73.838, 20.62], [73.812, 20.692], [73.943, 20.742], [73.901, 20.982], [73.8, 21.039], [73.808, 21.085], [73.618, 21.118], [73.577, 21.171], [73.719, 21.14], [73.816, 21.174], [73.823, 21.271], [73.942, 21.299], [73.939, 21.405], [74.045, 21.419], [74.063, 21.475], [74.101, 21.448], [74.321, 21.498], [74.302, 21.566], [74.196, 21.532], [74.167, 21.569], [73.854, 21.497], [73.781, 21.629], [73.888, 21.653], [73.892, 21.692], [73.796, 21.825], [74.146, 21.947], [74.151, 21.987], [74.092, 22.015], [74.179, 22.085], [74.124, 22.098], [74.122, 22.212], [74.072, 22.219], [74.065, 22.355], [74.105, 22.372], [74.19, 22.32], [74.204, 22.367], [74.291, 22.394], [74.202, 22.435], [74.193, 22.475], [74.119, 22.419], [74.083, 22.507], [74.033, 22.49], [74.038, 22.535], [74.151, 22.521], [74.264, 22.644], [74.379, 22.634], [74.476, 22.855], [74.447, 22.921], [74.393, 22.897], [74.339, 22.953], [74.346, 23.025], [74.241, 23.185], [74.179, 23.147], [74.121, 23.176], [74.133, 23.266], [74.101, 23.294], [74.038, 23.293], [73.957, 23.38], [73.892, 23.334], [73.829, 23.448], [73.756, 23.454], [73.721, 23.41], [73.697, 23.457], [73.627, 23.449], [73.656, 23.621], [73.573, 23.654], [73.523, 23.607], [73.507, 23.703], [73.352, 23.791], [73.361, 23.873], [73.421, 23.931], [73.362, 24.105], [73.327, 24.109], [73.317, 24.053], [73.243, 24.002], [73.193, 24.041], [73.213, 24.078], [73.067, 24.195], [73.135, 24.308], [73.169, 24.3], [73.219, 24.364], [73.077, 24.397], [73.09, 24.496], [72.993, 24.48], [72.949, 24.398], [72.975, 24.369], [72.912, 24.337], [72.85, 24.372], [72.731, 24.364], [72.683, 24.464], [72.538, 24.52], [72.5, 24.417], [72.457, 24.415], [72.441, 24.515], [72.389, 24.508], [72.354, 24.564], [72.295, 24.547], [72.246, 24.586], [72.347, 24.628], [72.165, 24.621], [72.059, 24.712]], [[74.166, 22.416], [74.179, 22.388], [74.157, 22.412], [74.166, 22.416]], [[72.969, 20.332], [72.971, 20.297], [72.953, 20.314], [72.969, 20.332]]], [[[68.529, 23.689], [68.522, 23.653], [68.547, 23.675], [68.529, 23.689]]], [[[70.253, 23.176], [70.253, 23.171], [70.256, 23.175], [70.253, 23.176]]], [[[70.258, 23.171], [70.256, 23.174], [70.257, 23.171], [70.258, 23.171]]], [[[70.046, 22.552], [70.046, 22.524], [70.059, 22.537], [70.046, 22.552]]], [[[69.142, 22.476], [69.094, 22.461], [69.084, 22.422], [69.142, 22.476]]], [[[69.629, 22.459], [69.59, 22.431], [69.636, 22.406], [69.629, 22.459]]], [[[69.339, 22.386], [69.323, 22.381], [69.333, 22.373], [69.339, 22.386]]], [[[72.769, 21.657], [72.627, 21.629], [72.617, 21.547], [72.58, 21.586], [72.575, 21.532], [72.642, 21.532], [72.826, 21.634], [72.769, 21.657]]], [[[72.359, 21.592], [72.361, 21.596], [72.35, 21.608], [72.359, 21.592]]], [[[71.545, 20.913], [71.545, 20.914], [71.545, 20.914], [71.545, 20.913]]], [[[71.521, 20.913], [71.521, 20.913], [71.52, 20.913], [71.521, 20.913]]], [[[71.518, 20.913], [71.507, 20.903], [71.532, 20.903], [71.518, 20.913]]], [[[71.548, 20.912], [71.547, 20.913], [71.546, 20.912], [71.548, 20.912]]], [[[71.535, 20.903], [71.536, 20.903], [71.535, 20.903], [71.535, 20.903]]], [[[71.457, 20.879], [71.456, 20.877], [71.459, 20.878], [71.457, 20.879]]], [[[71.304, 20.834], [71.304, 20.834], [71.303, 20.834], [71.304, 20.834]]], [[[71.309, 20.833], [71.309, 20.833], [71.308, 20.832], [71.309, 20.833]]], [[[71.304, 20.832], [71.305, 20.833], [71.302, 20.831], [71.304, 20.832]]], [[[71.269, 20.821], [71.269, 20.82], [71.271, 20.819], [71.269, 20.821]]], [[[71.262, 20.815], [71.263, 20.817], [71.261, 20.816], [71.262, 20.815]]], [[[71.256, 20.812], [71.257, 20.813], [71.255, 20.814], [71.256, 20.812]]], [[[73.001, 20.215], [73.005, 20.232], [72.979, 20.234], [73.001, 20.215]]]]}, "properties": {"OBJECTID": 11, "STNAME": "Gujarat", "STCODE11": "24", "STNAME_SH": "GUJARAT", "State_LGD": 24, "Shape_Length": 5810576.585929089, "Shape_Area": 216976848192.4215, "Remarks": "", "Zone": "West Zone"}}, {"type": "Feature", "id": 12, "geometry": {"type": "MultiPolygon", "coordinates": [[[[76.439, 28.111], [76.429, 28.138], [76.423, 28.114], [76.439, 28.111]]], [[[76.842, 30.891], [76.822, 30.929], [76.776, 30.906], [76.857, 30.795], [76.832, 30.665], [76.876, 30.681], [76.871, 30.642], [76.926, 30.61], [76.886, 30.55], [76.932, 30.522], [76.898, 30.437], [76.939, 30.386], [76.898, 30.359], [76.847, 30.438], [76.741, 30.426], [76.713, 30.39], [76.746, 30.35], [76.623, 30.265], [76.557, 30.262], [76.546, 30.226], [76.596, 30.255], [76.657, 30.187], [76.614, 30.204], [76.644, 30.15], [76.544, 30.074], [76.463, 30.101], [76.423, 30.192], [76.387, 30.171], [76.4, 30.117], [76.35, 30.147], [76.322, 30.095], [76.208, 30.157], [76.224, 30.127], [76.196, 30.123], [76.265, 30.099], [76.214, 30.032], [76.21, 29.94], [76.172, 29.926], [76.244, 29.852], [76.124, 29.791], [76.098, 29.811], [76.044, 29.743], [75.87, 29.749], [75.838, 29.813], [75.779, 29.822], [75.721, 29.814], [75.706, 29.753], [75.642, 29.775], [75.58, 29.739], [75.46, 29.808], [75.296, 29.625], [75.309, 29.561], [75.235, 29.542], [75.235, 29.603], [75.168, 29.67], [75.241, 29.75], [75.21, 29.833], [75.166, 29.826], [75.151, 29.776], [75.101, 29.807], [75.099, 29.913], [74.991, 29.868], [74.927, 29.95], [74.811, 29.992], [74.707, 29.977], [74.651, 29.905], [74.532, 29.95], [74.51, 29.908], [74.561, 29.87], [74.473, 29.77], [74.616, 29.752], [74.575, 29.564], [74.622, 29.522], [74.535, 29.448], [74.599, 29.327], [74.655, 29.333], [74.658, 29.372], [74.762, 29.354], [74.851, 29.404], [74.938, 29.362], [74.961, 29.281], [75.05, 29.286], [75.076, 29.23], [75.188, 29.268], [75.238, 29.23], [75.322, 29.289], [75.35, 29.224], [75.411, 29.255], [75.414, 29.184], [75.372, 29.138], [75.446, 29.008], [75.522, 29.004], [75.473, 28.923], [75.562, 28.613], [75.622, 28.602], [75.633, 28.544], [75.788, 28.454], [75.777, 28.4], [75.918, 28.372], [76.095, 28.151], [76.032, 28.168], [75.946, 28.107], [75.984, 28.047], [76.041, 28.074], [75.973, 28.024], [75.996, 28.007], [75.966, 27.984], [76.0, 27.978], [75.973, 27.933], [75.932, 27.93], [75.987, 27.904], [75.971, 27.852], [76.089, 27.861], [76.175, 27.798], [76.217, 27.817], [76.158, 27.989], [76.215, 28.027], [76.18, 28.055], [76.342, 28.031], [76.356, 28.071], [76.301, 28.098], [76.36, 28.125], [76.292, 28.179], [76.382, 28.133], [76.476, 28.149], [76.499, 28.1], [76.448, 28.089], [76.501, 28.06], [76.455, 28.042], [76.544, 28.034], [76.548, 27.964], [76.668, 28.014], [76.657, 28.089], [76.868, 28.22], [76.971, 28.138], [76.931, 27.993], [76.942, 27.843], [76.893, 27.732], [76.925, 27.7], [76.889, 27.697], [76.912, 27.654], [76.979, 27.654], [77.0, 27.737], [77.086, 27.738], [77.027, 27.779], [77.045, 27.821], [77.135, 27.775], [77.202, 27.824], [77.242, 27.784], [77.348, 27.856], [77.422, 27.854], [77.42, 27.89], [77.461, 27.876], [77.475, 27.929], [77.546, 27.958], [77.474, 28.087], [77.502, 28.161], [77.55, 28.18], [77.497, 28.205], [77.55, 28.242], [77.493, 28.252], [77.478, 28.419], [77.345, 28.513], [77.243, 28.479], [77.249, 28.424], [77.174, 28.405], [77.093, 28.514], [77.007, 28.541], [77.01, 28.514], [76.885, 28.501], [76.839, 28.573], [76.888, 28.632], [76.943, 28.628], [76.951, 28.818], [77.04, 28.832], [77.083, 28.883], [77.158, 28.837], [77.228, 28.881], [77.134, 29.096], [77.161, 29.332], [77.123, 29.37], [77.157, 29.387], [77.096, 29.519], [77.127, 29.559], [77.084, 29.587], [77.157, 29.693], [77.12, 29.76], [77.179, 29.813], [77.186, 29.908], [77.278, 30.042], [77.424, 30.103], [77.426, 30.158], [77.605, 30.367], [77.52, 30.445], [77.445, 30.396], [77.459, 30.458], [77.41, 30.41], [77.354, 30.461], [77.214, 30.468], [77.122, 30.563], [77.174, 30.601], [77.161, 30.691], [77.094, 30.742], [77.018, 30.743], [77.013, 30.809], [76.943, 30.817], [76.917, 30.901], [76.842, 30.891]], [[76.919, 30.885], [76.924, 30.876], [76.918, 30.886], [76.919, 30.885]]]]}, "properties": {"OBJECTID": 12, "STNAME": "Haryana", "STCODE11": "06", "STNAME_SH": "HARYANA", "State_LGD": 6, "Shape_Length": 2976757.1050009932, "Shape_Area": 58205294023.65767, "Remarks": "", "Zone": "North Zone"}}, {"type": "Feature", "id": 13, "geometry": {"type": "MultiPolygon", "coordinates": [[[[76.922, 30.882], [76.917, 30.886], [76.924, 30.876], [76.922, 30.882]]], [[[76.803, 33.254], [76.747, 33.178], [76.639, 33.162], [76.562, 33.21], [76.404, 33.186], [76.286, 33.102], [76.273, 33.037], [76.107, 33.006], [75.95, 32.873], [75.845, 32.928], [75.796, 32.884], [75.923, 32.744], [75.886, 32.652], [75.931, 32.632], [75.83, 32.513], [75.938, 32.398], [75.874, 32.396], [75.772, 32.289], [75.618, 32.238], [75.673, 32.159], [75.595, 32.069], [75.663, 32.076], [75.91, 31.95], [75.986, 31.818], [75.937, 31.815], [76.018, 31.633], [76.168, 31.41], [76.147, 31.359], [76.18, 31.307], [76.322, 31.322], [76.308, 31.342], [76.354, 31.348], [76.331, 31.402], [76.376, 31.437], [76.463, 31.302], [76.44, 31.279], [76.479, 31.309], [76.524, 31.258], [76.588, 31.274], [76.593, 31.211], [76.642, 31.223], [76.597, 31.178], [76.639, 31.108], [76.625, 30.999], [76.772, 30.907], [76.823, 30.928], [76.87, 30.873], [76.917, 30.901], [76.943, 30.817], [77.013, 30.809], [77.018, 30.743], [77.094, 30.742], [77.161, 30.691], [77.174, 30.601], [77.122, 30.563], [77.214, 30.468], [77.354, 30.461], [77.41, 30.41], [77.459, 30.458], [77.445, 30.396], [77.52, 30.445], [77.58, 30.377], [77.586, 30.422], [77.827, 30.528], [77.743, 30.593], [77.796, 30.614], [77.793, 30.659], [77.704, 30.765], [77.758, 30.877], [77.806, 30.853], [77.813, 30.922], [77.763, 30.918], [77.749, 30.953], [77.838, 30.953], [77.811, 31.059], [77.901, 31.152], [78.03, 31.151], [78.37, 31.286], [78.484, 31.199], [78.609, 31.229], [78.658, 31.185], [78.81, 31.198], [78.885, 31.099], [79.009, 31.11], [78.855, 31.323], [78.859, 31.366], [78.792, 31.396], [78.813, 31.45], [78.734, 31.485], [78.736, 31.529], [78.853, 31.607], [78.754, 31.686], [78.71, 31.787], [78.789, 31.993], [78.618, 32.115], [78.588, 32.236], [78.461, 32.242], [78.534, 32.415], [78.466, 32.455], [78.461, 32.504], [78.4, 32.525], [78.329, 32.443], [78.285, 32.469], [78.314, 32.566], [78.41, 32.623], [78.388, 32.757], [78.246, 32.672], [78.142, 32.682], [78.147, 32.654], [78.016, 32.62], [77.919, 32.691], [77.926, 32.772], [77.781, 32.866], [77.811, 32.907], [77.682, 32.989], [77.469, 32.859], [77.405, 32.883], [77.339, 32.817], [77.188, 32.929], [77.156, 32.912], [77.151, 32.978], [76.929, 33.032], [76.889, 33.117], [76.818, 33.157], [76.845, 33.242], [76.803, 33.254]]]]}, "properties": {"OBJECTID": 13, "STNAME": "Himachal Pradesh", "STCODE11": "02", "STNAME_SH": "HIMACHAL PRADESH", "State_LGD": 2, "Shape_Length": 2012741.126033028, "Shape_Area": 77792030732.89276, "Remarks": "", "Zone": "North Zone"}}, {"type": "Feature", "id": 14, "geometry": {"type": "Polygon", "coordinates": [[[74.539, 35.069], [74.439, 35.13], [74.382, 35.068], [74.265, 35.041], [74.215, 35.094], [74.101, 35.099], [74.067, 35.046], [74.11, 35.016], [74.059, 34.993], [74.071, 34.935], [74.03, 34.876], [73.73, 34.772], [73.659, 34.673], [73.695, 34.65], [73.65, 34.562], [73.556, 34.59], [73.448, 34.567], [73.396, 34.372], [73.457, 34.276], [73.481, 34.289], [73.516, 33.999], [73.593, 33.894], [73.56, 33.781], [73.603, 33.715], [73.567, 33.618], [73.612, 33.604], [73.642, 33.529], [73.602, 33.497], [73.632, 33.448], [73.565, 33.366], [73.634, 33.208], [73.668, 33.202], [73.633, 33.092], [73.743, 33.066], [73.79, 32.967], [73.826, 33.004], [73.965, 32.987], [74.0, 32.935], [74.303, 32.83], [74.355, 32.767], [74.459, 32.788], [74.512, 32.746], [74.634, 32.75], [74.641, 32.819], [74.705, 32.842], [74.653, 32.697], [74.695, 32.661], [74.639, 32.615], [74.688, 32.487], [74.877, 32.493], [74.953, 32.447], [75.028, 32.497], [75.107, 32.474], [75.131, 32.409], [75.19, 32.426], [75.328, 32.326], [75.489, 32.346], [75.532, 32.278], [75.55, 32.349], [75.723, 32.406], [75.729, 32.453], [75.833, 32.503], [75.931, 32.631], [75.886, 32.652], [75.922, 32.747], [75.796, 32.884], [75.837, 32.928], [75.95, 32.873], [76.107, 33.006], [76.273, 33.037], [76.286, 33.102], [76.404, 33.186], [76.562, 33.21], [76.644, 33.162], [76.747, 33.178], [76.779, 33.238], [76.629, 33.435], [76.582, 33.426], [76.449, 33.564], [76.415, 33.539], [76.307, 33.61], [76.31, 33.571], [76.225, 33.548], [76.229, 33.63], [76.285, 33.662], [76.265, 33.746], [76.161, 33.802], [76.123, 33.889], [76.033, 33.92], [76.024, 33.982], [75.838, 33.955], [75.843, 34.005], [75.668, 34.144], [75.685, 34.2], [75.593, 34.198], [75.403, 34.285], [75.372, 34.413], [75.328, 34.44], [75.366, 34.538], [75.206, 34.644], [75.258, 34.698], [75.256, 34.774], [75.101, 34.919], [75.064, 34.905], [75.064, 34.847], [74.919, 34.785], [74.872, 34.83], [74.577, 34.914], [74.585, 35.018], [74.539, 35.069]]]}, "properties": {"OBJECTID": 14, "STNAME": "Jammu & Kashmir", "STCODE11": "01", "STNAME_SH": "JAMMU & KASHMIR", "State_LGD": 1, "Shape_Length": 1765619.9808676583, "Shape_Area": 79129945425.90506, "Remarks": "", "Zone": "North Zone"}}, {"type": "Feature", "id": 15, "geometry": {"type": "Polygon", "coordinates": [[[87.585, 25.333], [87.542, 25.281], [87.494, 25.308], [87.478, 25.194], [87.327, 25.224], [87.295, 25.089], [87.214, 25.091], [87.149, 25.025], [87.156, 24.885], [87.074, 24.82], [87.051, 24.609], [86.938, 24.65], [86.915, 24.542], [86.803, 24.57], [86.789, 24.619], [86.67, 24.565], [86.603, 24.608], [86.51, 24.522], [86.445, 24.368], [86.276, 24.466], [86.323, 24.587], [86.125, 24.611], [86.128, 24.699], [86.091, 24.746], [86.037, 24.741], [86.055, 24.78], [85.944, 24.734], [85.867, 24.804], [85.737, 24.821], [85.708, 24.726], [85.649, 24.685], [85.667, 24.579], [85.581, 24.601], [85.524, 24.521], [85.371, 24.555], [85.392, 24.53], [85.161, 24.46], [85.174, 24.421], [85.089, 24.372], [85.081, 24.433], [84.904, 24.372], [84.887, 24.463], [84.84, 24.452], [84.839, 24.513], [84.802, 24.531], [84.685, 24.455], [84.665, 24.391], [84.568, 24.409], [84.496, 24.286], [84.505, 24.331], [84.424, 24.33], [84.297, 24.449], [84.328, 24.492], [84.297, 24.561], [84.257, 24.527], [84.187, 24.553], [84.17, 24.503], [84.144, 24.538], [84.111, 24.477], [84.008, 24.643], [83.936, 24.549], [83.873, 24.532], [83.402, 24.503], [83.387, 24.448], [83.457, 24.365], [83.38, 24.313], [83.409, 24.266], [83.329, 24.101], [83.516, 24.027], [83.571, 23.862], [83.705, 23.821], [83.746, 23.719], [83.723, 23.686], [83.775, 23.609], [83.938, 23.569], [83.932, 23.62], [84.017, 23.634], [84.028, 23.546], [83.967, 23.388], [84.005, 23.354], [84.051, 23.375], [84.075, 23.333], [84.037, 23.14], [84.133, 23.083], [84.149, 22.966], [84.186, 23.027], [84.219, 22.979], [84.373, 22.978], [84.394, 22.942], [84.373, 22.865], [84.231, 22.74], [84.233, 22.679], [84.084, 22.638], [84.01, 22.573], [84.009, 22.526], [84.141, 22.474], [84.156, 22.408], [84.295, 22.341], [84.428, 22.353], [84.536, 22.427], [84.75, 22.419], [84.813, 22.453], [84.91, 22.423], [85.067, 22.484], [85.116, 22.294], [85.071, 22.274], [84.985, 22.087], [85.095, 22.108], [85.236, 22.01], [85.31, 22.118], [85.398, 22.163], [85.543, 22.09], [85.652, 22.095], [85.685, 22.054], [85.807, 22.116], [85.836, 22.08], [85.793, 22.082], [85.763, 21.996], [85.908, 21.971], [86.031, 22.191], [85.974, 22.247], [86.047, 22.309], [85.998, 22.342], [86.027, 22.386], [85.957, 22.465], [86.045, 22.568], [86.117, 22.487], [86.281, 22.449], [86.437, 22.304], [86.497, 22.347], [86.75, 22.212], [86.802, 22.218], [86.792, 22.266], [86.886, 22.257], [86.888, 22.297], [86.832, 22.329], [86.846, 22.399], [86.751, 22.457], [86.802, 22.489], [86.767, 22.575], [86.66, 22.575], [86.636, 22.665], [86.418, 22.784], [86.467, 22.9], [86.435, 22.925], [86.526, 22.948], [86.546, 22.99], [86.187, 23.005], [86.045, 23.144], [85.895, 23.155], [85.82, 23.268], [85.903, 23.397], [85.862, 23.462], [86.054, 23.487], [86.016, 23.547], [86.052, 23.586], [86.158, 23.56], [86.149, 23.465], [86.311, 23.411], [86.379, 23.474], [86.388, 23.574], [86.462, 23.63], [86.799, 23.689], [86.828, 23.76], [86.805, 23.837], [86.89, 23.821], [86.88, 23.862], [86.916, 23.882], [87.122, 23.797], [87.167, 23.825], [87.133, 23.87], [87.234, 23.857], [87.239, 23.826], [87.245, 23.908], [87.269, 23.875], [87.295, 23.902], [87.245, 24.045], [87.46, 23.984], [87.438, 24.014], [87.512, 24.036], [87.498, 24.119], [87.56, 24.082], [87.61, 24.133], [87.576, 24.161], [87.694, 24.15], [87.634, 24.242], [87.706, 24.261], [87.801, 24.382], [87.828, 24.499], [87.794, 24.501], [87.809, 24.547], [87.771, 24.583], [87.849, 24.554], [87.913, 24.593], [87.876, 24.615], [87.914, 24.638], [87.908, 24.722], [87.816, 24.76], [87.869, 24.775], [87.963, 24.937], [87.774, 25.121], [87.787, 25.247], [87.585, 25.333]]]}, "properties": {"OBJECTID": 15, "STNAME": "Jharkhand", "STCODE11": "20", "STNAME_SH": "JHARKHAND", "State_LGD": 20, "Shape_Length": 3378637.3561876854, "Shape_Area": 95626907534.1778, "Remarks": "", "Zone": "East Zone"}}, {"type": "Feature", "id": 16, "geometry": {"type": "Polygon", "coordinates": [[[76.211, 10.027], [76.334, 9.43], [76.547, 8.904], [76.979, 8.382], [77.096, 8.293], [77.176, 8.32], [77.151, 8.384], [77.228, 8.447], [77.202, 8.501], [77.284, 8.547], [77.17, 8.742], [77.23, 8.785], [77.257, 8.878], [77.147, 9.022], [77.267, 9.152], [77.283, 9.301], [77.412, 9.509], [77.366, 9.535], [77.361, 9.602], [77.27, 9.573], [77.166, 9.613], [77.247, 9.798], [77.218, 9.904], [77.273, 9.964], [77.201, 10.106], [77.268, 10.122], [77.295, 10.218], [77.26, 10.23], [77.236, 10.352], [77.177, 10.358], [76.982, 10.22], [76.83, 10.304], [76.843, 10.537], [76.81, 10.624], [76.882, 10.64], [76.907, 10.783], [76.828, 10.872], [76.659, 10.93], [76.711, 11.039], [76.801, 11.054], [76.746, 11.055], [76.748, 11.136], [76.69, 11.16], [76.731, 11.216], [76.698, 11.24], [76.63, 11.194], [76.458, 11.188], [76.453, 11.239], [76.546, 11.3], [76.548, 11.359], [76.508, 11.354], [76.419, 11.442], [76.248, 11.469], [76.235, 11.572], [76.443, 11.644], [76.414, 11.759], [76.34, 11.739], [76.28, 11.812], [76.224, 11.808], [76.19, 11.871], [76.12, 11.85], [76.112, 11.979], [76.003, 11.931], [75.859, 11.959], [75.803, 12.079], [75.662, 12.099], [75.533, 12.201], [75.479, 12.295], [75.414, 12.291], [75.422, 12.373], [75.373, 12.4], [75.366, 12.457], [75.413, 12.459], [75.417, 12.498], [75.337, 12.464], [75.274, 12.536], [75.327, 12.592], [75.276, 12.619], [75.22, 12.569], [75.202, 12.63], [75.139, 12.643], [75.152, 12.683], [75.086, 12.704], [75.047, 12.668], [75.052, 12.72], [74.983, 12.737], [75.003, 12.792], [74.865, 12.76], [75.201, 12.006], [75.25, 12.008], [75.356, 11.86], [75.544, 11.705], [75.617, 11.476], [75.715, 11.392], [76.211, 10.027]], [[75.538, 11.763], [75.555, 11.721], [75.531, 11.708], [75.538, 11.763]]]}, "properties": {"OBJECTID": 16, "STNAME": "Kerala", "STCODE11": "32", "STNAME_SH": "KERALA", "State_LGD": 32, "Shape_Length": 1891666.3494801898, "Shape_Area": 40471248122.83817, "Remarks": "", "Zone": "South Zone"}}, {"type": "Feature", "id": 17, "geometry": {"type": "Polygon", "coordinates": [[[74.712, 37.064], [74.69, 37.088], [74.568, 37.052], [74.564, 36.958], [74.523, 36.995], [74.426, 36.996], [74.249, 36.894], [74.156, 36.911], [74.133, 36.848], [74.047, 36.811], [73.915, 36.883], [73.671, 36.912], [73.706, 36.838], [73.868, 36.766], [73.872, 36.701], [73.593, 36.693], [73.421, 36.743], [73.068, 36.701], [73.097, 36.606], [73.052, 36.533], [72.978, 36.512], [72.979, 36.457], [72.86, 36.436], [72.854, 36.366], [72.685, 36.244], [72.612, 36.269], [72.547, 36.205], [72.562, 36.14], [72.517, 36.067], [72.585, 36.025], [72.518, 35.905], [72.684, 35.823], [72.819, 35.882], [72.918, 35.839], [73.084, 35.877], [73.149, 35.831], [73.133, 35.711], [73.398, 35.557], [73.628, 35.569], [73.779, 35.523], [73.792, 35.454], [73.694, 35.359], [73.729, 35.21], [73.808, 35.239], [73.957, 35.168], [74.003, 35.184], [74.265, 35.041], [74.382, 35.068], [74.439, 35.13], [74.499, 35.116], [74.585, 35.018], [74.577, 34.914], [74.872, 34.83], [74.919, 34.785], [75.064, 34.847], [75.064, 34.905], [75.101, 34.919], [75.256, 34.774], [75.258, 34.698], [75.206, 34.644], [75.366, 34.538], [75.328, 34.44], [75.372, 34.413], [75.403, 34.285], [75.593, 34.198], [75.685, 34.2], [75.668, 34.144], [75.843, 34.005], [75.838, 33.955], [76.024, 33.982], [76.033, 33.92], [76.123, 33.889], [76.161, 33.802], [76.265, 33.746], [76.285, 33.662], [76.229, 33.63], [76.225, 33.548], [76.31, 33.571], [76.308, 33.61], [76.415, 33.539], [76.451, 33.562], [76.582, 33.426], [76.629, 33.435], [76.737, 33.261], [76.843, 33.247], [76.817, 33.16], [76.909, 33.095], [76.929, 33.032], [77.151, 32.978], [77.156, 32.912], [77.188, 32.929], [77.339, 32.817], [77.405, 32.883], [77.469, 32.859], [77.682, 32.989], [77.811, 32.907], [77.781, 32.866], [77.926, 32.772], [77.919, 32.691], [78.016, 32.62], [78.147, 32.654], [78.142, 32.682], [78.246, 32.672], [78.388, 32.757], [78.41, 32.623], [78.313, 32.566], [78.285, 32.469], [78.321, 32.444], [78.451, 32.578], [78.566, 32.615], [78.605, 32.591], [78.751, 32.693], [78.807, 32.444], [78.971, 32.336], [79.004, 32.375], [79.094, 32.377], [79.125, 32.465], [79.26, 32.523], [79.305, 32.586], [79.429, 32.524], [79.567, 32.67], [79.612, 32.735], [79.325, 33.012], [79.38, 33.028], [79.373, 33.106], [79.446, 33.258], [79.108, 33.289], [78.987, 33.331], [78.955, 33.382], [78.903, 33.622], [79.1, 33.616], [79.078, 33.686], [79.016, 33.702], [79.06, 33.776], [79.013, 33.783], [78.918, 33.964], [79.001, 34.034], [79.113, 34.009], [79.173, 34.058], [79.437, 34.013], [79.421, 34.076], [79.496, 34.124], [79.494, 34.185], [79.592, 34.236], [79.569, 34.401], [79.532, 34.409], [79.522, 34.464], [79.791, 34.467], [79.821, 34.514], [79.77, 34.538], [79.777, 34.61], [79.878, 34.675], [80.065, 34.693], [80.075, 34.805], [80.187, 35.008], [80.185, 35.131], [80.345, 35.461], [80.312, 35.588], [80.129, 35.657], [80.016, 35.826], [79.899, 35.775], [79.751, 35.797], [79.44, 35.894], [79.41, 35.986], [79.358, 35.992], [79.231, 35.972], [79.213, 35.878], [79.165, 35.838], [78.969, 35.89], [78.673, 35.854], [78.534, 35.763], [78.443, 35.784], [78.404, 35.736], [78.277, 35.718], [78.266, 35.647], [78.212, 35.666], [78.137, 35.537], [77.958, 35.605], [77.939, 35.507], [77.985, 35.448], [77.736, 35.521], [77.685, 35.467], [77.385, 35.474], [77.332, 35.53], [77.483, 35.53], [77.438, 35.656], [77.366, 35.715], [77.258, 35.704], [77.116, 35.798], [77.001, 35.776], [76.807, 35.85], [76.732, 35.955], [76.814, 36.041], [76.656, 36.192], [76.481, 36.22], [76.437, 36.31], [76.354, 36.369], [76.267, 36.359], [76.071, 36.484], [75.807, 36.563], [75.613, 36.775], [75.463, 36.83], [75.407, 36.908], [75.418, 36.972], [75.354, 36.988], [75.341, 37.061], [75.211, 37.05], [75.109, 36.962], [75.016, 36.991], [74.916, 36.92], [74.839, 37.036], [74.749, 37.019], [74.712, 37.064]]]}, "properties": {"OBJECTID": 17, "STNAME": "Ladakh", "STCODE11": "38", "STNAME_SH": "LADAKH", "State_LGD": 37, "Shape_Length": 3727635.407417616, "Shape_Area": 251100599157.4583, "Remarks": "", "Zone": "North Zone"}}, {"type": "Feature", "id": 18, "geometry": {"type": "MultiPolygon", "coordinates": [[[[73.013, 8.303], [73.013, 8.304], [73.013, 8.304], [73.013, 8.303]]], [[[73.053, 8.273], [73.078, 8.325], [73.017, 8.277], [73.053, 8.273]]], [[[72.283, 10.042], [72.288, 10.047], [72.29, 10.054], [72.283, 10.042]]], [[[73.63, 10.069], [73.631, 10.07], [73.63, 10.07], [73.63, 10.069]]], [[[73.632, 10.07], [73.632, 10.071], [73.632, 10.07], [73.632, 10.07]]], [[[73.634, 10.073], [73.634, 10.073], [73.633, 10.073], [73.634, 10.073]]], [[[73.63, 10.074], [73.63, 10.075], [73.63, 10.074], [73.63, 10.074]]], [[[73.627, 10.075], [73.625, 10.074], [73.627, 10.074], [73.627, 10.075]]], [[[73.647, 10.074], [73.65, 10.103], [73.64, 10.058], [73.647, 10.074]]], [[[72.337, 10.105], [72.336, 10.108], [72.334, 10.101], [72.337, 10.105]]], [[[73.652, 10.11], [73.651, 10.111], [73.651, 10.11], [73.652, 10.11]]], [[[72.332, 10.131], [72.327, 10.14], [72.327, 10.131], [72.332, 10.131]]], [[[73.66, 10.155], [73.659, 10.13], [73.663, 10.142], [73.66, 10.155]]], [[[72.643, 10.579], [72.616, 10.543], [72.649, 10.565], [72.643, 10.579]]], [[[72.168, 10.816], [72.164, 10.814], [72.168, 10.814], [72.168, 10.816]]], [[[73.668, 10.818], [73.671, 10.805], [73.701, 10.815], [73.668, 10.818]]], [[[72.202, 10.88], [72.169, 10.819], [72.202, 10.87], [72.202, 10.88]]], [[[72.288, 10.948], [72.284, 10.939], [72.289, 10.937], [72.288, 10.948]]], [[[72.316, 10.945], [72.326, 10.953], [72.316, 10.95], [72.316, 10.945]]], [[[72.331, 10.952], [72.333, 10.954], [72.33, 10.953], [72.331, 10.952]]], [[[72.334, 10.956], [72.332, 10.956], [72.333, 10.954], [72.334, 10.956]]], [[[72.334, 10.957], [72.335, 10.959], [72.333, 10.96], [72.334, 10.957]]], [[[72.72, 11.115], [72.733, 11.137], [72.718, 11.128], [72.72, 11.115]]], [[[72.761, 11.184], [72.789, 11.261], [72.779, 11.244], [72.761, 11.184]]], [[[73.008, 11.471], [73.009, 11.489], [72.999, 11.5], [73.008, 11.471]]], [[[72.19, 11.6], [72.185, 11.603], [72.186, 11.6], [72.19, 11.6]]], [[[72.711, 11.687], [72.716, 11.705], [72.705, 11.684], [72.711, 11.687]]]]}, "properties": {"OBJECTID": 18, "STNAME": "Lakshadweep", "STCODE11": "31", "STNAME_SH": "LAKSHADWEEP", "State_LGD": 31, "Shape_Length": 146202.94581621556, "Shape_Area": 31109601.847234208, "Remarks": "", "Zone": "South Zone"}}, {"type": "Feature", "id": 19, "geometry": {"type": "MultiPolygon", "coordinates": [[[[73.286, 16.989], [73.285, 16.99], [73.285, 16.989], [73.286, 16.989]], [[73.12, 17.766], [73.12, 17.767], [73.119, 17.766], [73.12, 17.766]]], [[[73.102, 17.804], [73.101, 17.805], [73.101, 17.804], [73.102, 17.804]]], [[[72.951, 18.221], [73.126, 17.753], [73.137, 17.556], [73.199, 17.439], [73.168, 17.403], [73.259, 17.286], [73.191, 17.299], [73.282, 17.107], [73.255, 17.028], [73.3, 16.982], [73.279, 16.893], [73.323, 16.639], [73.355, 16.619], [73.311, 16.541], [73.456, 16.053], [73.51, 15.94], [73.626, 15.852], [73.65, 15.745], [73.785, 15.726], [73.863, 15.799], [73.876, 15.751], [73.939, 15.743], [73.968, 15.631], [74.021, 15.606], [74.114, 15.646], [74.088, 15.672], [74.209, 15.781], [74.242, 15.743], [74.358, 15.775], [74.383, 15.849], [74.338, 15.855], [74.369, 15.894], [74.406, 15.855], [74.387, 15.905], [74.463, 16.039], [74.361, 16.054], [74.428, 16.112], [74.491, 16.104], [74.48, 16.25], [74.325, 16.272], [74.317, 16.381], [74.353, 16.366], [74.364, 16.405], [74.289, 16.463], [74.291, 16.505], [74.247, 16.497], [74.271, 16.548], [74.306, 16.504], [74.316, 16.554], [74.38, 16.529], [74.397, 16.583], [74.467, 16.607], [74.469, 16.664], [74.544, 16.635], [74.569, 16.554], [74.687, 16.607], [74.653, 16.639], [74.691, 16.716], [74.92, 16.772], [74.902, 16.863], [74.964, 16.91], [74.932, 16.945], [75.089, 16.952], [75.136, 16.874], [75.214, 16.842], [75.282, 16.88], [75.28, 16.957], [75.466, 16.988], [75.489, 16.944], [75.568, 16.966], [75.573, 17.01], [75.67, 16.962], [75.67, 17.038], [75.641, 17.038], [75.672, 17.116], [75.625, 17.174], [75.658, 17.263], [75.574, 17.383], [75.614, 17.392], [75.633, 17.477], [75.793, 17.37], [75.821, 17.421], [75.861, 17.386], [75.884, 17.418], [75.931, 17.323], [76.014, 17.354], [76.079, 17.332], [76.119, 17.371], [76.176, 17.301], [76.17, 17.353], [76.242, 17.379], [76.276, 17.335], [76.345, 17.354], [76.383, 17.315], [76.409, 17.371], [76.363, 17.378], [76.372, 17.436], [76.333, 17.434], [76.376, 17.49], [76.346, 17.493], [76.331, 17.597], [76.42, 17.604], [76.429, 17.645], [76.49, 17.66], [76.523, 17.76], [76.573, 17.761], [76.582, 17.705], [76.615, 17.77], [76.691, 17.681], [76.714, 17.781], [76.79, 17.826], [76.738, 17.857], [76.74, 17.9], [76.807, 17.871], [76.919, 17.916], [76.906, 18.01], [76.966, 18.098], [76.92, 18.118], [76.952, 18.188], [77.112, 18.156], [77.098, 18.197], [77.152, 18.217], [77.175, 18.285], [77.213, 18.28], [77.242, 18.413], [77.32, 18.458], [77.414, 18.393], [77.366, 18.307], [77.438, 18.31], [77.465, 18.263], [77.571, 18.309], [77.522, 18.346], [77.557, 18.417], [77.528, 18.442], [77.585, 18.447], [77.549, 18.469], [77.603, 18.477], [77.596, 18.549], [77.738, 18.557], [77.754, 18.701], [77.787, 18.683], [77.84, 18.805], [77.949, 18.83], [77.843, 18.909], [77.859, 18.949], [77.771, 18.979], [77.762, 19.032], [77.81, 19.105], [77.85, 19.089], [77.848, 19.19], [77.908, 19.268], [77.863, 19.304], [77.945, 19.342], [78.042, 19.243], [78.175, 19.238], [78.176, 19.412], [78.304, 19.456], [78.274, 19.554], [78.306, 19.607], [78.263, 19.665], [78.343, 19.713], [78.365, 19.781], [78.286, 19.848], [78.307, 19.914], [78.49, 19.793], [78.552, 19.824], [78.841, 19.762], [78.852, 19.658], [78.956, 19.656], [78.973, 19.582], [78.94, 19.552], [79.098, 19.532], [79.19, 19.459], [79.224, 19.469], [79.244, 19.617], [79.471, 19.5], [79.54, 19.555], [79.596, 19.507], [79.629, 19.574], [79.779, 19.6], [79.945, 19.47], [79.978, 19.4], [79.925, 19.226], [79.946, 19.169], [79.858, 19.102], [79.871, 19.041], [79.94, 19.033], [79.962, 18.867], [79.921, 18.811], [80.118, 18.681], [80.272, 18.724], [80.248, 18.764], [80.354, 18.826], [80.274, 18.933], [80.273, 18.991], [80.394, 19.245], [80.573, 19.402], [80.613, 19.31], [80.68, 19.33], [80.69, 19.287], [80.756, 19.289], [80.853, 19.364], [80.796, 19.432], [80.898, 19.48], [80.836, 19.566], [80.665, 19.612], [80.672, 19.701], [80.553, 19.766], [80.546, 19.818], [80.481, 19.828], [80.489, 19.77], [80.402, 19.796], [80.506, 19.871], [80.411, 19.938], [80.53, 19.939], [80.557, 20.072], [80.506, 20.144], [80.402, 20.147], [80.395, 20.245], [80.626, 20.333], [80.591, 20.393], [80.632, 20.598], [80.497, 20.602], [80.498, 20.639], [80.588, 20.685], [80.546, 20.935], [80.464, 20.929], [80.424, 21.009], [80.439, 21.097], [80.464, 21.175], [80.614, 21.227], [80.682, 21.314], [80.599, 21.327], [80.528, 21.395], [80.412, 21.377], [80.377, 21.522], [80.253, 21.625], [80.193, 21.635], [80.067, 21.554], [79.936, 21.556], [79.891, 21.518], [79.738, 21.604], [79.541, 21.543], [79.496, 21.674], [79.231, 21.722], [79.224, 21.649], [79.148, 21.661], [79.094, 21.598], [78.976, 21.618], [78.914, 21.589], [78.937, 21.486], [78.776, 21.465], [78.751, 21.493], [78.728, 21.462], [78.512, 21.529], [78.45, 21.496], [78.427, 21.599], [78.387, 21.615], [78.363, 21.575], [78.266, 21.592], [78.182, 21.557], [78.176, 21.5], [77.941, 21.386], [77.801, 21.41], [77.737, 21.362], [77.692, 21.398], [77.587, 21.363], [77.532, 21.419], [77.488, 21.374], [77.426, 21.538], [77.611, 21.539], [77.577, 21.555], [77.543, 21.704], [77.479, 21.77], [77.29, 21.76], [77.287, 21.722], [77.21, 21.69], [77.176, 21.726], [77.073, 21.719], [76.902, 21.597], [76.795, 21.594], [76.763, 21.521], [76.784, 21.462], [76.622, 21.332], [76.663, 21.276], [76.623, 21.185], [76.493, 21.194], [76.456, 21.108], [76.28, 21.071], [76.167, 21.079], [76.113, 21.155], [76.176, 21.184], [76.097, 21.372], [75.299, 21.386], [75.295, 21.414], [75.126, 21.449], [75.053, 21.565], [74.902, 21.629], [74.783, 21.611], [74.582, 21.665], [74.506, 21.726], [74.524, 21.911], [74.439, 21.977], [74.432, 22.03], [74.281, 21.933], [74.128, 21.95], [73.812, 21.839], [73.895, 21.676], [73.781, 21.629], [73.854, 21.497], [74.158, 21.569], [74.196, 21.532], [74.296, 21.569], [74.332, 21.543], [74.254, 21.468], [74.101, 21.448], [74.063, 21.475], [74.045, 21.419], [73.939, 21.405], [73.942, 21.299], [73.823, 21.271], [73.816, 21.174], [73.719, 21.14], [73.577, 21.171], [73.618, 21.118], [73.808, 21.085], [73.8, 21.039], [73.901, 20.982], [73.943, 20.742], [73.812, 20.692], [73.838, 20.62], [73.745, 20.565], [73.653, 20.565], [73.6, 20.637], [73.52, 20.679], [73.489, 20.656], [73.449, 20.717], [73.393, 20.645], [73.494, 20.538], [73.38, 20.394], [73.418, 20.331], [73.417, 20.198], [73.298, 20.209], [73.178, 20.047], [73.064, 20.1], [73.04, 20.066], [73.011, 20.135], [72.964, 20.126], [72.962, 20.21], [72.859, 20.225], [72.824, 20.142], [72.738, 20.134], [72.722, 19.971], [72.664, 19.933], [72.68, 19.865], [72.646, 19.864], [72.673, 19.722], [72.708, 19.704], [72.745, 19.378], [72.83, 19.335], [72.779, 19.279], [72.786, 19.134], [72.812, 19.145], [72.838, 19.048], [72.804, 18.899], [72.878, 19.022], [72.885, 18.981], [72.959, 18.957], [72.904, 18.904], [72.918, 18.855], [72.995, 18.872], [72.996, 18.773], [72.945, 18.826], [72.869, 18.811], [72.851, 18.699], [72.921, 18.551], [72.913, 18.362], [72.986, 18.282], [72.936, 18.281], [72.951, 18.221]], [[77.275, 18.478], [77.3, 18.465], [77.267, 18.455], [77.275, 18.478]], [[74.283, 15.831], [74.309, 15.791], [74.266, 15.798], [74.283, 15.831]]]]}, "properties": {"OBJECTID": 19, "STNAME": "Maharashtra", "STCODE11": "27", "STNAME_SH": "MAHARASHTRA", "State_LGD": 27, "Shape_Length": 5971587.113404994, "Shape_Area": 347872665482.0244, "Remarks": "", "Zone": "West Zone"}}, {"type": "Feature", "id": 20, "geometry": {"type": "Polygon", "coordinates": [[[94.573, 25.643], [94.569, 25.692], [94.501, 25.612], [94.426, 25.587], [94.416, 25.537], [94.305, 25.489], [94.211, 25.495], [94.191, 25.548], [94.088, 25.528], [94.011, 25.592], [93.961, 25.552], [93.833, 25.559], [93.767, 25.536], [93.805, 25.462], [93.689, 25.358], [93.604, 25.198], [93.501, 25.241], [93.471, 25.305], [93.394, 25.255], [93.332, 25.094], [93.244, 25.018], [93.263, 24.961], [93.197, 24.811], [93.109, 24.811], [93.071, 24.601], [93.104, 24.582], [93.059, 24.574], [93.043, 24.415], [92.998, 24.4], [93.039, 24.341], [92.972, 24.112], [93.075, 24.1], [93.097, 24.042], [93.138, 24.084], [93.212, 24.047], [93.243, 24.082], [93.251, 24.021], [93.332, 24.053], [93.349, 24.105], [93.417, 24.071], [93.505, 23.942], [93.56, 23.982], [93.592, 23.961], [93.623, 24.011], [93.754, 24.005], [93.807, 23.927], [93.93, 23.95], [94.121, 23.833], [94.154, 23.853], [94.327, 24.328], [94.529, 24.618], [94.55, 24.713], [94.605, 24.712], [94.632, 24.839], [94.744, 25.037], [94.737, 25.135], [94.576, 25.214], [94.68, 25.454], [94.553, 25.507], [94.573, 25.643]]]}, "properties": {"OBJECTID": 20, "STNAME": "Manipur", "STCODE11": "14", "STNAME_SH": "MANIPUR", "State_LGD": 14, "Shape_Length": 1022708.8298240481, "Shape_Area": 27206306361.941437, "Remarks": "", "Zone": "North East Zone"}}, {"type": "Feature", "id": 21, "geometry": {"type": "Polygon", "coordinates": [[[91.834, 26.116], [91.731, 26.059], [91.72, 25.954], [91.671, 25.904], [91.609, 25.937], [91.631, 26.022], [91.58, 26.033], [91.475, 25.874], [91.53, 25.871], [91.335, 25.841], [91.222, 25.723], [91.178, 25.777], [91.196, 25.861], [91.006, 25.82], [91.031, 25.886], [90.969, 25.885], [90.947, 25.948], [90.917, 25.914], [90.809, 25.952], [90.766, 25.908], [90.718, 25.955], [90.622, 25.898], [90.588, 25.958], [90.515, 25.896], [90.535, 25.95], [90.503, 25.991], [90.4, 26.013], [90.271, 25.96], [90.117, 25.957], [89.948, 25.825], [89.937, 25.745], [89.895, 25.745], [90.02, 25.607], [89.877, 25.549], [89.825, 25.413], [89.831, 25.296], [89.967, 25.304], [90.118, 25.223], [90.441, 25.145], [90.663, 25.198], [90.666, 25.166], [90.733, 25.155], [90.78, 25.186], [90.862, 25.158], [91.268, 25.207], [91.471, 25.134], [91.61, 25.177], [91.638, 25.123], [91.704, 25.16], [91.748, 25.14], [91.756, 25.177], [92.074, 25.185], [92.421, 25.028], [92.464, 25.037], [92.481, 25.109], [92.539, 25.099], [92.522, 25.139], [92.621, 25.115], [92.663, 25.177], [92.802, 25.215], [92.762, 25.247], [92.782, 25.333], [92.565, 25.465], [92.653, 25.591], [92.572, 25.557], [92.554, 25.615], [92.506, 25.616], [92.384, 25.755], [92.156, 25.672], [92.151, 25.817], [92.226, 25.909], [92.155, 25.911], [92.152, 25.944], [92.275, 26.066], [92.169, 26.078], [91.919, 25.998], [91.867, 26.042], [91.879, 26.098], [91.834, 26.116]]]}, "properties": {"OBJECTID": 21, "STNAME": "Meghalaya", "STCODE11": "17", "STNAME_SH": "MEGHALAYA", "State_LGD": 17, "Shape_Length": 1465334.1402010117, "Shape_Area": 27649273858.09687, "Remarks": "", "Zone": "North East Zone"}}, {"type": "Feature", "id": 22, "geometry": {"type": "Polygon", "coordinates": [[[92.767, 24.513], [92.685, 24.347], [92.625, 24.334], [92.612, 24.253], [92.551, 24.247], [92.479, 24.142], [92.436, 24.153], [92.423, 24.255], [92.29, 24.252], [92.332, 24.18], [92.325, 23.914], [92.257, 23.812], [92.273, 23.642], [92.404, 23.241], [92.347, 23.236], [92.392, 23.056], [92.372, 22.936], [92.449, 22.895], [92.474, 22.746], [92.513, 22.733], [92.529, 22.665], [92.609, 22.164], [92.606, 22.123], [92.563, 22.128], [92.603, 21.978], [92.68, 22.012], [92.7, 22.155], [92.863, 22.063], [92.904, 21.94], [92.952, 22.03], [93.007, 21.982], [93.005, 22.104], [93.06, 22.101], [93.038, 22.195], [93.151, 22.176], [93.142, 22.245], [93.202, 22.263], [93.185, 22.428], [93.107, 22.527], [93.14, 22.592], [93.095, 22.672], [93.095, 22.806], [93.131, 22.906], [93.165, 22.91], [93.126, 23.041], [93.185, 23.06], [93.294, 23.006], [93.386, 23.134], [93.356, 23.352], [93.402, 23.384], [93.437, 23.687], [93.338, 24.041], [93.251, 24.021], [93.243, 24.082], [93.212, 24.047], [93.143, 24.085], [93.097, 24.042], [93.075, 24.1], [92.972, 24.112], [93.022, 24.23], [93.02, 24.388], [92.909, 24.413], [92.829, 24.374], [92.767, 24.513]]]}, "properties": {"OBJECTID": 22, "STNAME": "Mizoram", "STCODE11": "15", "STNAME_SH": "MIZORAM", "State_LGD": 15, "Shape_Length": 1314516.500789195, "Shape_Area": 25115106059.39386, "Remarks": "", "Zone": "North East Zone"}}, {"type": "Feature", "id": 23, "geometry": {"type": "Polygon", "coordinates": [[[95.206, 26.951], [95.193, 27.035], [95.017, 26.921], [94.923, 26.946], [94.758, 26.766], [94.46, 26.662], [94.403, 26.611], [94.401, 26.534], [94.317, 26.458], [94.285, 26.561], [94.256, 26.541], [94.172, 26.43], [94.175, 26.34], [94.105, 26.32], [94.001, 26.172], [93.953, 26.003], [93.979, 25.917], [93.795, 25.809], [93.765, 25.97], [93.682, 25.904], [93.714, 25.845], [93.327, 25.546], [93.458, 25.431], [93.449, 25.34], [93.501, 25.241], [93.609, 25.202], [93.689, 25.358], [93.805, 25.462], [93.767, 25.536], [93.833, 25.559], [93.961, 25.552], [94.011, 25.592], [94.088, 25.528], [94.191, 25.548], [94.211, 25.495], [94.309, 25.489], [94.416, 25.537], [94.426, 25.587], [94.501, 25.612], [94.569, 25.692], [94.591, 25.638], [94.553, 25.507], [94.628, 25.46], [94.783, 25.48], [94.846, 25.562], [94.899, 25.565], [94.936, 25.668], [95.049, 25.759], [95.012, 25.898], [95.186, 26.073], [95.118, 26.101], [95.132, 26.378], [95.062, 26.45], [95.149, 26.616], [95.233, 26.681], [95.241, 26.781], [95.181, 26.859], [95.23, 26.885], [95.206, 26.951]]]}, "properties": {"OBJECTID": 23, "STNAME": "Nagaland", "STCODE11": "13", "STNAME_SH": "NAGALAND", "State_LGD": 13, "Shape_Length": 1133725.9612907015, "Shape_Area": 20643971039.384876, "Remarks": "", "Zone": "North East Zone"}}, {"type": "Feature", "id": 24, "geometry": {"type": "MultiPolygon", "coordinates": [[[[84.336, 18.79], [84.329, 18.787], [84.339, 18.779], [84.336, 18.79]]], [[[84.352, 18.786], [84.353, 18.79], [84.35, 18.792], [84.352, 18.786]]], [[[86.78, 20.358], [86.785, 20.364], [86.781, 20.362], [86.78, 20.358]]], [[[86.792, 20.382], [86.791, 20.386], [86.79, 20.382], [86.792, 20.382]]], [[[86.806, 20.396], [86.796, 20.4], [86.799, 20.365], [86.806, 20.396]]], [[[86.788, 20.383], [86.808, 20.453], [86.793, 20.493], [86.788, 20.383]]], [[[87.012, 20.712], [87.013, 20.717], [87.007, 20.712], [87.012, 20.712]]], [[[87.003, 20.712], [87.008, 20.72], [87.002, 20.713], [87.003, 20.712]]], [[[87.057, 20.73], [87.056, 20.733], [87.053, 20.73], [87.057, 20.73]]], [[[87.052, 20.738], [87.051, 20.738], [87.053, 20.737], [87.052, 20.738]]], [[[87.074, 20.732], [87.078, 20.744], [87.07, 20.733], [87.074, 20.732]]], [[[87.055, 20.745], [87.049, 20.744], [87.06, 20.744], [87.055, 20.745]]], [[[87.098, 20.747], [87.098, 20.748], [87.097, 20.748], [87.098, 20.747]]], [[[87.071, 20.737], [87.072, 20.749], [87.069, 20.738], [87.071, 20.737]]], [[[87.1, 20.749], [87.102, 20.752], [87.099, 20.75], [87.1, 20.749]]], [[[87.086, 20.764], [87.073, 20.753], [87.098, 20.755], [87.086, 20.764]]], [[[86.982, 20.778], [86.983, 20.785], [86.978, 20.779], [86.982, 20.778]]], [[[87.074, 20.791], [87.069, 20.793], [87.075, 20.767], [87.074, 20.791]]], [[[86.99, 20.802], [86.988, 20.804], [86.986, 20.803], [86.99, 20.802]]], [[[87.43, 21.586], [87.419, 21.579], [87.414, 21.56], [87.43, 21.586]]], [[[86.045, 22.568], [85.957, 22.465], [86.027, 22.386], [85.998, 22.342], [86.047, 22.309], [85.974, 22.247], [86.031, 22.191], [85.907, 21.97], [85.763, 21.996], [85.793, 22.082], [85.836, 22.08], [85.807, 22.116], [85.685, 22.054], [85.652, 22.095], [85.543, 22.09], [85.371, 22.161], [85.236, 22.01], [85.095, 22.108], [84.987, 22.083], [85.071, 22.274], [85.116, 22.294], [85.06, 22.486], [84.91, 22.423], [84.813, 22.453], [84.75, 22.419], [84.536, 22.427], [84.428, 22.353], [84.295, 22.341], [84.156, 22.408], [84.141, 22.474], [83.998, 22.531], [83.98, 22.502], [84.047, 22.469], [84.01, 22.372], [83.864, 22.343], [83.758, 22.24], [83.63, 22.207], [83.562, 22.099], [83.606, 22.067], [83.537, 22.043], [83.539, 21.966], [83.606, 21.914], [83.591, 21.851], [83.469, 21.788], [83.489, 21.745], [83.419, 21.681], [83.49, 21.631], [83.456, 21.61], [83.443, 21.655], [83.383, 21.62], [83.338, 21.502], [83.407, 21.351], [83.269, 21.379], [83.271, 21.273], [83.223, 21.266], [83.198, 21.145], [83.131, 21.106], [82.99, 21.14], [82.965, 21.193], [82.882, 21.148], [82.641, 21.155], [82.629, 21.038], [82.489, 20.909], [82.464, 20.829], [82.351, 20.89], [82.376, 20.632], [82.332, 20.562], [82.438, 20.434], [82.4, 20.342], [82.438, 20.294], [82.386, 20.146], [82.398, 20.058], [82.596, 19.992], [82.715, 19.996], [82.711, 19.84], [82.592, 19.776], [82.603, 19.867], [82.446, 19.91], [82.344, 19.835], [82.237, 20.003], [82.184, 19.984], [82.07, 20.057], [82.033, 20.016], [81.946, 20.105], [81.869, 20.041], [81.853, 19.918], [81.968, 19.86], [81.986, 19.801], [82.066, 19.791], [82.029, 19.508], [82.1, 19.517], [82.126, 19.429], [82.189, 19.428], [82.148, 19.372], [82.194, 19.326], [82.158, 19.265], [82.166, 19.133], [82.218, 19.097], [82.246, 18.919], [82.176, 18.903], [82.165, 18.799], [82.092, 18.766], [82.085, 18.719], [81.971, 18.699], [81.949, 18.644], [81.894, 18.657], [81.964, 18.59], [81.769, 18.417], [81.75, 18.353], [81.659, 18.347], [81.525, 18.258], [81.483, 17.977], [81.445, 17.886], [81.4, 17.894], [81.392, 17.815], [81.617, 17.822], [81.67, 17.887], [81.726, 17.879], [82.032, 18.069], [82.268, 18.0], [82.272, 18.056], [82.341, 18.055], [82.34, 18.15], [82.372, 18.148], [82.311, 18.204], [82.392, 18.298], [82.389, 18.329], [82.338, 18.327], [82.386, 18.368], [82.364, 18.422], [82.483, 18.549], [82.561, 18.448], [82.536, 18.406], [82.621, 18.36], [82.581, 18.315], [82.638, 18.237], [82.643, 18.302], [82.774, 18.34], [82.803, 18.449], [82.895, 18.424], [82.894, 18.382], [82.94, 18.361], [83.054, 18.38], [83.067, 18.43], [83.021, 18.456], [83.095, 18.547], [83.045, 18.544], [83.013, 18.646], [83.139, 18.785], [83.212, 18.73], [83.225, 18.775], [83.271, 18.765], [83.406, 18.843], [83.352, 18.943], [83.387, 18.933], [83.355, 18.967], [83.326, 18.932], [83.311, 18.999], [83.4, 19.009], [83.462, 18.955], [83.468, 19.093], [83.537, 19.009], [83.549, 19.081], [83.584, 19.058], [83.626, 19.163], [83.778, 18.911], [83.745, 18.988], [83.795, 19.018], [83.893, 18.814], [84.038, 18.816], [84.089, 18.757], [84.321, 18.786], [84.364, 18.837], [84.331, 18.883], [84.374, 18.861], [84.36, 18.895], [84.392, 18.876], [84.379, 18.904], [84.438, 18.92], [84.421, 19.022], [84.479, 18.988], [84.573, 19.074], [84.594, 19.022], [84.661, 19.063], [84.596, 19.132], [84.71, 19.16], [84.703, 19.118], [84.766, 19.078], [84.93, 19.276], [85.381, 19.603], [85.781, 19.781], [86.389, 19.955], [86.524, 20.173], [86.775, 20.331], [86.777, 20.405], [86.724, 20.394], [86.759, 20.5], [87.058, 20.717], [87.0, 20.698], [86.992, 20.77], [86.944, 20.766], [86.981, 20.857], [86.851, 21.087], [86.832, 21.215], [86.893, 21.318], [87.119, 21.517], [87.485, 21.612], [87.469, 21.733], [87.444, 21.769], [87.277, 21.805], [87.249, 21.936], [87.17, 21.98], [87.161, 21.935], [87.097, 21.914], [87.098, 21.867], [87.033, 21.87], [87.0, 21.913], [87.027, 22.037], [86.965, 22.086], [86.834, 22.099], [86.794, 22.157], [86.72, 22.147], [86.725, 22.218], [86.644, 22.269], [86.497, 22.347], [86.43, 22.307], [86.281, 22.449], [86.117, 22.487], [86.045, 22.568]]]]}, "properties": {"OBJECTID": 24, "STNAME": "Odisha", "STCODE11": "21", "STNAME_SH": "ODISHA", "State_LGD": 21, "Shape_Length": 3951722.6282330304, "Shape_Area": 178288995012.64374, "Remarks": "", "Zone": "East Zone"}}, {"type": "Feature", "id": 25, "geometry": {"type": "MultiPolygon", "coordinates": [[[[79.809, 10.878], [79.81, 10.88], [79.806, 10.88], [79.809, 10.878]]], [[[79.74, 10.92], [79.739, 10.921], [79.739, 10.92], [79.74, 10.92]]], [[[79.722, 10.935], [79.722, 10.938], [79.72, 10.937], [79.722, 10.935]]], [[[79.72, 10.955], [79.72, 10.956], [79.718, 10.956], [79.72, 10.955]]], [[[79.817, 11.003], [79.747, 11.003], [79.764, 10.96], [79.72, 10.969], [79.723, 10.935], [79.829, 10.884], [79.808, 10.856], [79.851, 10.828], [79.854, 10.983], [79.817, 11.003]], [[79.763, 10.909], [79.768, 10.902], [79.762, 10.902], [79.763, 10.909]], [[79.767, 10.901], [79.77, 10.901], [79.767, 10.899], [79.767, 10.901]]], [[[75.542, 11.7], [75.538, 11.71], [75.529, 11.702], [75.542, 11.7]]], [[[75.538, 11.763], [75.531, 11.708], [75.555, 11.721], [75.538, 11.763]]], [[[79.68, 11.814], [79.681, 11.796], [79.691, 11.809], [79.68, 11.814]]], [[[79.699, 11.823], [79.693, 11.814], [79.704, 11.813], [79.699, 11.823]]], [[[79.653, 11.843], [79.641, 11.823], [79.671, 11.815], [79.653, 11.843]]], [[[79.738, 11.843], [79.713, 11.791], [79.796, 11.786], [79.807, 11.833], [79.738, 11.843]]], [[[79.7, 11.874], [79.696, 11.86], [79.699, 11.861], [79.7, 11.874]]], [[[79.793, 11.885], [79.792, 11.885], [79.791, 11.884], [79.793, 11.885]]], [[[79.634, 11.881], [79.602, 11.858], [79.658, 11.853], [79.634, 11.881]]], [[[79.791, 11.895], [79.789, 11.896], [79.789, 11.895], [79.791, 11.895]]], [[[79.688, 11.969], [79.653, 11.958], [79.677, 11.948], [79.688, 11.969]]], [[[79.747, 12.008], [79.692, 11.951], [79.741, 11.905], [79.696, 11.919], [79.674, 11.881], [79.75, 11.848], [79.769, 11.876], [79.766, 11.841], [79.808, 11.837], [79.841, 11.956], [79.813, 11.978], [79.75, 11.92], [79.747, 12.008]], [[79.775, 11.905], [79.797, 11.9], [79.785, 11.863], [79.775, 11.905]]], [[[79.792, 12.026], [79.789, 12.018], [79.805, 12.021], [79.792, 12.026]]], [[[79.628, 12.032], [79.637, 11.901], [79.671, 11.932], [79.628, 12.032]]], [[[79.697, 12.033], [79.657, 11.991], [79.718, 11.99], [79.697, 12.033]]], [[[79.857, 12.007], [79.874, 12.042], [79.85, 12.051], [79.857, 12.007]]], [[[82.219, 16.74], [82.182, 16.737], [82.261, 16.702], [82.311, 16.735], [82.219, 16.74]]]]}, "properties": {"OBJECTID": 25, "STNAME": "Puducherry", "STCODE11": "34", "STNAME_SH": "PUDUCHERRY", "State_LGD": 34, "Shape_Length": 560471.8641710186, "Shape_Area": 530343704.34836066, "Remarks": "", "Zone": "South Zone"}}, {"type": "Feature", "id": 26, "geometry": {"type": "Polygon", "coordinates": [[[75.844, 32.503], [75.73, 32.453], [75.723, 32.406], [75.56, 32.357], [75.532, 32.278], [75.489, 32.346], [75.43, 32.315], [75.341, 32.345], [75.32, 32.297], [75.382, 32.269], [75.372, 32.226], [75.316, 32.208], [75.261, 32.101], [75.202, 32.12], [75.174, 32.067], [75.012, 32.036], [74.88, 32.054], [74.819, 31.959], [74.608, 31.89], [74.559, 31.758], [74.487, 31.715], [74.616, 31.569], [74.575, 31.501], [74.636, 31.485], [74.655, 31.426], [74.552, 31.364], [74.51, 31.132], [74.571, 31.081], [74.603, 31.134], [74.689, 31.128], [74.696, 31.074], [74.568, 31.055], [74.546, 30.992], [74.416, 30.94], [74.423, 30.908], [74.366, 30.893], [74.382, 30.86], [74.26, 30.773], [74.286, 30.736], [74.096, 30.612], [74.072, 30.523], [74.012, 30.534], [73.964, 30.456], [73.934, 30.49], [73.926, 30.439], [73.974, 30.444], [73.88, 30.36], [73.96, 30.27], [73.976, 30.121], [73.904, 30.05], [73.895, 29.974], [74.532, 29.95], [74.642, 29.905], [74.707, 29.977], [74.813, 29.992], [74.927, 29.95], [74.991, 29.868], [75.07, 29.877], [75.089, 29.917], [75.101, 29.807], [75.156, 29.777], [75.191, 29.841], [75.242, 29.755], [75.168, 29.67], [75.235, 29.603], [75.235, 29.542], [75.309, 29.561], [75.296, 29.625], [75.46, 29.808], [75.58, 29.739], [75.642, 29.775], [75.706, 29.753], [75.721, 29.814], [75.779, 29.822], [75.838, 29.813], [75.87, 29.749], [76.044, 29.743], [76.098, 29.811], [76.124, 29.791], [76.244, 29.852], [76.172, 29.926], [76.21, 29.94], [76.214, 30.032], [76.265, 30.099], [76.196, 30.123], [76.224, 30.127], [76.208, 30.157], [76.322, 30.095], [76.35, 30.147], [76.4, 30.117], [76.387, 30.171], [76.423, 30.192], [76.463, 30.101], [76.544, 30.074], [76.644, 30.15], [76.614, 30.204], [76.657, 30.187], [76.596, 30.255], [76.546, 30.226], [76.557, 30.262], [76.623, 30.265], [76.746, 30.35], [76.713, 30.39], [76.741, 30.426], [76.847, 30.438], [76.898, 30.359], [76.939, 30.386], [76.898, 30.437], [76.932, 30.522], [76.886, 30.55], [76.926, 30.61], [76.871, 30.642], [76.876, 30.681], [76.777, 30.67], [76.705, 30.743], [76.772, 30.795], [76.837, 30.754], [76.857, 30.795], [76.737, 30.95], [76.625, 30.999], [76.639, 31.108], [76.597, 31.178], [76.642, 31.223], [76.593, 31.211], [76.588, 31.274], [76.524, 31.258], [76.479, 31.309], [76.44, 31.279], [76.463, 31.302], [76.375, 31.438], [76.322, 31.322], [76.18, 31.307], [76.147, 31.359], [76.168, 31.41], [76.018, 31.633], [75.937, 31.815], [75.986, 31.818], [75.91, 31.95], [75.663, 32.076], [75.595, 32.069], [75.673, 32.159], [75.618, 32.238], [75.772, 32.289], [75.874, 32.396], [75.938, 32.398], [75.844, 32.503]]]}, "properties": {"OBJECTID": 26, "STNAME": "Punjab", "STCODE11": "03", "STNAME_SH": "PUNJAB", "State_LGD": 3, "Shape_Length": 2240381.308972205, "Shape_Area": 68561118649.969696, "Remarks": "", "Zone": "North Zone"}}, {"type": "Feature", "id": 27, "geometry": {"type": "MultiPolygon", "coordinates": [[[[75.216, 24.889], [75.223, 24.844], [75.251, 24.881], [75.216, 24.889]]], [[[73.907, 29.973], [73.887, 30.012], [73.976, 30.121], [73.973, 30.198], [73.807, 30.068], [73.397, 29.946], [73.282, 29.572], [72.946, 29.028], [72.391, 28.77], [72.299, 28.67], [72.206, 28.394], [71.927, 28.122], [71.898, 27.961], [71.666, 27.878], [71.206, 27.835], [70.872, 27.706], [70.74, 27.742], [70.677, 27.922], [70.589, 28.01], [70.506, 28.037], [70.372, 28.012], [70.132, 27.806], [70.026, 27.563], [69.587, 27.183], [69.513, 27.01], [69.484, 26.805], [69.51, 26.744], [69.792, 26.598], [70.056, 26.601], [70.174, 26.551], [70.175, 26.252], [70.083, 26.083], [70.1, 25.938], [70.269, 25.714], [70.387, 25.674], [70.66, 25.702], [70.665, 25.397], [70.889, 25.148], [70.938, 24.939], [71.107, 24.68], [71.288, 24.616], [71.479, 24.68], [71.608, 24.677], [71.655, 24.639], [71.792, 24.677], [71.852, 24.609], [71.872, 24.682], [71.94, 24.634], [72.061, 24.712], [72.165, 24.621], [72.347, 24.628], [72.246, 24.586], [72.295, 24.547], [72.354, 24.564], [72.389, 24.508], [72.441, 24.515], [72.457, 24.415], [72.5, 24.417], [72.538, 24.52], [72.683, 24.464], [72.731, 24.364], [72.85, 24.372], [72.911, 24.337], [72.975, 24.369], [72.949, 24.398], [72.991, 24.478], [73.088, 24.498], [73.077, 24.397], [73.219, 24.364], [73.169, 24.3], [73.135, 24.308], [73.067, 24.195], [73.213, 24.078], [73.193, 24.041], [73.243, 24.002], [73.317, 24.053], [73.327, 24.109], [73.362, 24.105], [73.421, 23.931], [73.361, 23.873], [73.352, 23.791], [73.507, 23.703], [73.523, 23.607], [73.573, 23.654], [73.656, 23.621], [73.627, 23.449], [73.697, 23.457], [73.721, 23.41], [73.756, 23.454], [73.829, 23.448], [73.892, 23.334], [73.974, 23.373], [74.038, 23.293], [74.133, 23.266], [74.121, 23.176], [74.179, 23.147], [74.241, 23.185], [74.319, 23.059], [74.386, 23.112], [74.506, 23.085], [74.742, 23.209], [74.692, 23.219], [74.7, 23.268], [74.547, 23.277], [74.514, 23.328], [74.604, 23.457], [74.847, 23.552], [74.937, 23.629], [74.899, 23.682], [74.94, 23.765], [74.903, 23.873], [74.982, 24.025], [74.904, 24.109], [74.897, 24.227], [74.747, 24.253], [74.854, 24.445], [74.709, 24.486], [74.814, 24.65], [74.772, 24.661], [74.8, 24.779], [74.889, 24.634], [74.943, 24.638], [75.016, 24.732], [75.001, 24.775], [74.849, 24.776], [74.843, 24.969], [74.924, 24.878], [75.033, 24.844], [75.117, 24.878], [75.114, 24.967], [75.167, 25.048], [75.332, 25.041], [75.318, 24.894], [75.274, 24.964], [75.294, 24.908], [75.263, 24.875], [75.426, 24.869], [75.312, 24.801], [75.224, 24.844], [75.252, 24.813], [75.184, 24.749], [75.219, 24.703], [75.456, 24.68], [75.583, 24.713], [75.611, 24.68], [75.757, 24.762], [75.834, 24.732], [75.825, 24.613], [75.914, 24.572], [75.909, 24.455], [75.839, 24.414], [75.789, 24.472], [75.728, 24.391], [75.83, 24.234], [75.751, 24.143], [75.837, 24.057], [75.718, 23.967], [75.674, 24.018], [75.596, 23.99], [75.521, 24.025], [75.475, 23.983], [75.462, 23.915], [75.563, 23.858], [75.583, 23.795], [75.655, 23.798], [75.687, 23.756], [75.736, 23.856], [75.706, 23.899], [75.781, 23.849], [75.981, 23.929], [75.963, 24.019], [76.127, 24.089], [76.117, 24.194], [76.186, 24.329], [76.213, 24.21], [76.323, 24.246], [76.412, 24.201], [76.471, 24.226], [76.527, 24.157], [76.578, 24.179], [76.584, 24.243], [76.693, 24.286], [76.698, 24.168], [76.758, 24.168], [76.801, 24.117], [76.901, 24.127], [76.947, 24.201], [76.841, 24.322], [76.853, 24.466], [76.816, 24.534], [76.918, 24.543], [76.918, 24.481], [76.978, 24.461], [77.071, 24.573], [77.032, 24.711], [76.954, 24.76], [76.856, 24.742], [76.802, 24.81], [76.949, 24.869], [76.857, 25.002], [76.876, 25.041], [76.999, 25.075], [77.085, 25.054], [77.174, 25.112], [77.27, 25.116], [77.311, 25.08], [77.407, 25.112], [77.393, 25.159], [77.427, 25.188], [77.355, 25.263], [77.378, 25.316], [77.342, 25.322], [77.371, 25.408], [77.294, 25.424], [77.209, 25.306], [77.084, 25.337], [76.942, 25.282], [76.902, 25.324], [76.729, 25.329], [76.556, 25.452], [76.473, 25.71], [76.524, 25.73], [76.521, 25.794], [76.583, 25.871], [76.789, 25.941], [76.9, 26.093], [77.029, 26.171], [77.213, 26.234], [77.368, 26.364], [77.445, 26.362], [77.437, 26.403], [77.538, 26.411], [77.822, 26.55], [77.904, 26.659], [78.0, 26.695], [78.093, 26.676], [78.106, 26.789], [78.184, 26.784], [78.169, 26.82], [78.222, 26.831], [78.197, 26.882], [78.272, 26.919], [78.125, 26.949], [78.111, 26.896], [78.049, 26.91], [78.026, 26.85], [78.015, 26.903], [77.906, 26.918], [77.896, 26.884], [77.761, 26.933], [77.723, 26.874], [77.61, 26.829], [77.501, 26.844], [77.503, 26.769], [77.455, 26.742], [77.467, 26.774], [77.433, 26.768], [77.398, 26.83], [77.427, 26.864], [77.76, 27.018], [77.712, 26.997], [77.68, 27.047], [77.63, 27.01], [77.563, 27.029], [77.572, 27.072], [77.519, 27.067], [77.518, 27.102], [77.598, 27.118], [77.62, 27.174], [77.681, 27.194], [77.599, 27.297], [77.623, 27.336], [77.579, 27.323], [77.44, 27.39], [77.438, 27.456], [77.34, 27.527], [77.358, 27.589], [77.317, 27.607], [77.353, 27.651], [77.304, 27.711], [77.303, 27.794], [77.269, 27.815], [77.237, 27.785], [77.202, 27.824], [77.135, 27.775], [77.045, 27.821], [77.027, 27.779], [77.086, 27.738], [77.0, 27.737], [76.979, 27.654], [76.911, 27.655], [76.893, 27.733], [76.942, 27.843], [76.931, 27.993], [76.971, 28.138], [76.907, 28.2], [76.808, 28.211], [76.795, 28.148], [76.657, 28.089], [76.668, 28.014], [76.545, 27.964], [76.544, 28.034], [76.455, 28.042], [76.501, 28.06], [76.448, 28.089], [76.499, 28.1], [76.476, 28.149], [76.382, 28.133], [76.292, 28.179], [76.36, 28.125], [76.301, 28.098], [76.356, 28.071], [76.342, 28.031], [76.18, 28.055], [76.215, 28.027], [76.158, 27.989], [76.218, 27.817], [76.175, 27.798], [76.088, 27.861], [75.987, 27.842], [75.987, 27.904], [75.932, 27.93], [75.973, 27.933], [76.0, 27.978], [75.966, 27.984], [75.996, 28.007], [75.973, 28.024], [76.041, 28.074], [75.987, 28.046], [75.939, 28.088], [76.032, 28.168], [76.095, 28.151], [75.918, 28.372], [75.777, 28.4], [75.788, 28.454], [75.633, 28.544], [75.622, 28.602], [75.562, 28.613], [75.473, 28.923], [75.522, 29.004], [75.446, 29.008], [75.372, 29.138], [75.414, 29.184], [75.411, 29.256], [75.35, 29.224], [75.322, 29.289], [75.238, 29.23], [75.188, 29.268], [75.076, 29.23], [75.05, 29.286], [74.961, 29.281], [74.938, 29.362], [74.851, 29.404], [74.762, 29.354], [74.658, 29.372], [74.655, 29.333], [74.599, 29.327], [74.535, 29.448], [74.622, 29.522], [74.575, 29.564], [74.616, 29.752], [74.474, 29.767], [74.561, 29.87], [74.51, 29.908], [74.527, 29.943], [73.907, 29.973]], [[76.435, 28.109], [76.423, 28.114], [76.429, 28.139], [76.435, 28.109]]]]}, "properties": {"OBJECTID": 27, "STNAME": "Rajasthan", "STCODE11": "08", "STNAME_SH": "RAJASTHAN", "State_LGD": 8, "Shape_Length": 6166027.87007927, "Shape_Area": 429971602181.96814, "Remarks": "", "Zone": "North Zone"}}, {"type": "Feature", "id": 28, "geometry": {"type": "Polygon", "coordinates": [[[88.647, 28.098], [88.61, 28.129], [88.551, 28.038], [88.496, 28.054], [88.399, 27.978], [88.129, 27.949], [88.197, 27.791], [88.044, 27.496], [88.067, 27.336], [88.012, 27.216], [88.079, 27.201], [88.097, 27.133], [88.302, 27.129], [88.433, 27.079], [88.543, 27.183], [88.688, 27.179], [88.739, 27.135], [88.803, 27.248], [88.908, 27.277], [88.919, 27.328], [88.783, 27.45], [88.764, 27.565], [88.848, 27.668], [88.883, 27.891], [88.837, 27.929], [88.836, 28.015], [88.647, 28.098]]]}, "properties": {"OBJECTID": 28, "STNAME": "Sikkim", "STCODE11": "11", "STNAME_SH": "SIKKIM", "State_LGD": 11, "Shape_Length": 536868.5544286352, "Shape_Area": 9070958580.317533, "Remarks": "", "Zone": "North East Zone"}}, {"type": "Feature", "id": 29, "geometry": {"type": "MultiPolygon", "coordinates": [[[[78.21, 8.839], [78.205, 8.842], [78.219, 8.834], [78.21, 8.839]]], [[[78.223, 8.873], [78.227, 8.866], [78.227, 8.871], [78.223, 8.873]]], [[[78.274, 8.943], [78.27, 8.943], [78.27, 8.939], [78.274, 8.943]]], [[[78.253, 8.952], [78.255, 8.955], [78.252, 8.956], [78.253, 8.952]]], [[[78.493, 9.086], [78.49, 9.093], [78.487, 9.089], [78.493, 9.086]]], [[[78.537, 9.102], [78.539, 9.106], [78.535, 9.103], [78.537, 9.102]]], [[[78.582, 9.111], [78.571, 9.101], [78.588, 9.107], [78.582, 9.111]]], [[[79.489, 9.119], [79.497, 9.125], [79.492, 9.124], [79.489, 9.119]]], [[[79.489, 9.128], [79.487, 9.127], [79.488, 9.127], [79.489, 9.128]]], [[[79.482, 9.13], [79.48, 9.13], [79.482, 9.129], [79.482, 9.13]]], [[[79.484, 9.134], [79.482, 9.133], [79.482, 9.132], [79.484, 9.134]]], [[[79.474, 9.135], [79.473, 9.139], [79.47, 9.139], [79.474, 9.135]]], [[[79.468, 9.141], [79.467, 9.143], [79.465, 9.143], [79.468, 9.141]]], [[[79.454, 9.144], [79.454, 9.146], [79.454, 9.144], [79.454, 9.144]]], [[[79.456, 9.147], [79.456, 9.148], [79.455, 9.147], [79.456, 9.147]]], [[[79.454, 9.149], [79.45, 9.148], [79.453, 9.146], [79.454, 9.149]]], [[[79.445, 9.151], [79.446, 9.154], [79.445, 9.152], [79.445, 9.151]]], [[[78.695, 9.151], [78.697, 9.156], [78.694, 9.153], [78.695, 9.151]]], [[[78.732, 9.154], [78.728, 9.153], [78.731, 9.152], [78.732, 9.154]]], [[[78.752, 9.157], [78.751, 9.157], [78.751, 9.156], [78.752, 9.157]]], [[[79.446, 9.158], [79.444, 9.157], [79.447, 9.153], [79.446, 9.158]]], [[[78.698, 9.158], [78.699, 9.159], [78.698, 9.159], [78.698, 9.158]]], [[[78.824, 9.166], [78.82, 9.165], [78.817, 9.16], [78.824, 9.166]]], [[[78.827, 9.167], [78.829, 9.174], [78.824, 9.166], [78.827, 9.167]]], [[[78.704, 9.184], [78.703, 9.185], [78.702, 9.186], [78.704, 9.184]]], [[[78.91, 9.186], [78.91, 9.187], [78.91, 9.186], [78.91, 9.186]]], [[[78.937, 9.182], [78.943, 9.188], [78.897, 9.18], [78.937, 9.182]]], [[[78.97, 9.186], [78.967, 9.187], [78.967, 9.183], [78.97, 9.186]]], [[[79.076, 9.202], [79.057, 9.198], [79.091, 9.196], [79.076, 9.202]]], [[[79.141, 9.213], [79.142, 9.214], [79.139, 9.213], [79.141, 9.213]]], [[[79.126, 9.217], [79.122, 9.216], [79.134, 9.216], [79.126, 9.217]]], [[[79.236, 9.243], [79.233, 9.243], [79.239, 9.241], [79.236, 9.243]]], [[[79.2, 9.251], [79.179, 9.238], [79.224, 9.247], [79.2, 9.251]]], [[[79.769, 10.901], [79.766, 10.901], [79.767, 10.899], [79.769, 10.901]], [[79.764, 10.907], [79.764, 10.912], [79.768, 10.902], [79.764, 10.907]]], [[[79.782, 11.902], [79.785, 11.863], [79.797, 11.898], [79.782, 11.902]], [[79.79, 11.895], [79.789, 11.896], [79.791, 11.895], [79.79, 11.895]], [[79.791, 11.884], [79.792, 11.885], [79.793, 11.885], [79.791, 11.884]]], [[[79.848, 13.324], [79.846, 13.328], [79.843, 13.322], [79.848, 13.324]]], [[[80.304, 13.473], [80.269, 13.565], [80.242, 13.471], [80.078, 13.489], [80.081, 13.55], [79.999, 13.543], [80.047, 13.494], [79.972, 13.469], [79.933, 13.352], [79.792, 13.294], [79.76, 13.318], [79.731, 13.283], [79.794, 13.226], [79.755, 13.206], [79.684, 13.244], [79.683, 13.296], [79.579, 13.258], [79.535, 13.275], [79.537, 13.339], [79.435, 13.352], [79.382, 13.307], [79.445, 13.301], [79.408, 13.265], [79.453, 13.238], [79.438, 13.188], [79.374, 13.189], [79.361, 13.124], [79.307, 13.106], [79.235, 13.171], [79.234, 13.105], [79.181, 13.084], [79.163, 13.02], [79.081, 13.026], [78.995, 13.087], [78.924, 13.081], [78.904, 13.048], [78.937, 13.03], [78.892, 13.033], [78.892, 13.097], [78.715, 13.069], [78.705, 13.015], [78.656, 13.031], [78.621, 12.991], [78.657, 12.932], [78.556, 12.7], [78.489, 12.742], [78.52, 12.712], [78.468, 12.676], [78.465, 12.624], [78.371, 12.627], [78.271, 12.705], [78.211, 12.686], [78.231, 12.761], [78.134, 12.782], [78.054, 12.854], [77.995, 12.806], [77.952, 12.857], [77.919, 12.831], [77.929, 12.891], [77.836, 12.87], [77.792, 12.843], [77.809, 12.797], [77.74, 12.673], [77.599, 12.667], [77.58, 12.552], [77.616, 12.509], [77.584, 12.479], [77.635, 12.488], [77.617, 12.368], [77.472, 12.25], [77.493, 12.197], [77.728, 12.182], [77.776, 12.118], [77.676, 11.952], [77.495, 11.944], [77.427, 11.761], [77.25, 11.813], [77.111, 11.773], [77.118, 11.721], [77.013, 11.815], [76.97, 11.777], [76.908, 11.795], [76.835, 11.655], [76.847, 11.594], [76.577, 11.614], [76.511, 11.705], [76.355, 11.589], [76.233, 11.571], [76.248, 11.469], [76.419, 11.442], [76.508, 11.354], [76.548, 11.359], [76.546, 11.3], [76.439, 11.199], [76.63, 11.194], [76.698, 11.24], [76.731, 11.216], [76.69, 11.16], [76.748, 11.136], [76.746, 11.055], [76.801, 11.054], [76.711, 11.039], [76.659, 10.93], [76.828, 10.872], [76.907, 10.783], [76.882, 10.64], [76.81, 10.624], [76.843, 10.537], [76.83, 10.304], [76.982, 10.22], [77.177, 10.358], [77.236, 10.352], [77.26, 10.23], [77.295, 10.218], [77.268, 10.122], [77.201, 10.106], [77.273, 9.964], [77.218, 9.904], [77.247, 9.798], [77.166, 9.613], [77.27, 9.573], [77.361, 9.602], [77.366, 9.535], [77.412, 9.509], [77.283, 9.301], [77.267, 9.152], [77.147, 9.022], [77.257, 8.878], [77.23, 8.785], [77.17, 8.742], [77.284, 8.547], [77.202, 8.501], [77.228, 8.447], [77.151, 8.384], [77.181, 8.324], [77.096, 8.293], [77.316, 8.122], [77.551, 8.078], [77.577, 8.137], [77.745, 8.177], [78.067, 8.373], [78.131, 8.497], [78.126, 8.665], [78.198, 8.761], [78.158, 8.797], [78.187, 8.924], [78.414, 9.114], [78.578, 9.131], [78.657, 9.158], [78.664, 9.194], [78.979, 9.275], [79.209, 9.282], [79.436, 9.158], [79.324, 9.264], [79.329, 9.32], [79.211, 9.283], [79.069, 9.296], [78.936, 9.408], [78.898, 9.49], [79.013, 9.745], [79.121, 9.855], [79.111, 9.893], [79.266, 10.039], [79.219, 10.113], [79.298, 10.263], [79.396, 10.319], [79.768, 10.272], [79.749, 10.314], [79.78, 10.272], [79.88, 10.305], [79.852, 10.827], [79.719, 10.957], [79.764, 10.96], [79.749, 11.003], [79.854, 10.983], [79.843, 11.351], [79.757, 11.556], [79.796, 11.786], [79.712, 11.792], [79.737, 11.844], [79.808, 11.845], [79.674, 11.892], [79.741, 11.905], [79.692, 11.951], [79.746, 12.008], [79.75, 11.92], [79.813, 11.978], [79.841, 11.956], [79.85, 12.051], [80.156, 12.465], [80.345, 13.28], [80.304, 13.473]], [[79.691, 12.032], [79.72, 11.992], [79.657, 11.991], [79.691, 12.032]], [[79.794, 12.017], [79.789, 12.026], [79.806, 12.024], [79.794, 12.017]], [[79.639, 11.987], [79.671, 11.932], [79.632, 11.901], [79.626, 12.032], [79.639, 11.987]], [[79.678, 11.972], [79.685, 11.953], [79.655, 11.953], [79.678, 11.972]], [[79.619, 11.887], [79.658, 11.853], [79.602, 11.858], [79.619, 11.887]], [[79.699, 11.874], [79.699, 11.861], [79.696, 11.86], [79.699, 11.874]], [[79.647, 11.844], [79.671, 11.815], [79.646, 11.816], [79.647, 11.844]], [[79.697, 11.823], [79.704, 11.813], [79.693, 11.814], [79.697, 11.823]], [[79.683, 11.813], [79.691, 11.807], [79.681, 11.796], [79.683, 11.813]], [[79.718, 10.956], [79.72, 10.956], [79.72, 10.955], [79.718, 10.956]], [[79.722, 10.935], [79.72, 10.937], [79.722, 10.938], [79.722, 10.935]], [[79.739, 10.92], [79.74, 10.921], [79.74, 10.92], [79.739, 10.92]], [[79.807, 10.88], [79.81, 10.878], [79.807, 10.878], [79.807, 10.88]]]]}, "properties": {"OBJECTID": 29, "STNAME": "Tamil Nadu", "STCODE11": "33", "STNAME_SH": "TAMIL NADU", "State_LGD": 33, "Shape_Length": 3711176.7227099715, "Shape_Area": 135846753027.30898, "Remarks": "", "Zone": "South Zone"}}, {"type": "Feature", "id": 30, "geometry": {"type": "Polygon", "coordinates": [[[78.336, 19.884], [78.307, 19.914], [78.285, 19.857], [78.359, 19.803], [78.343, 19.713], [78.263, 19.665], [78.306, 19.607], [78.274, 19.554], [78.304, 19.456], [78.176, 19.412], [78.175, 19.238], [78.042, 19.243], [77.945, 19.342], [77.863, 19.304], [77.908, 19.268], [77.848, 19.19], [77.85, 19.089], [77.81, 19.105], [77.762, 19.033], [77.771, 18.979], [77.859, 18.949], [77.843, 18.909], [77.948, 18.829], [77.84, 18.805], [77.787, 18.683], [77.754, 18.701], [77.738, 18.557], [77.596, 18.549], [77.603, 18.477], [77.549, 18.469], [77.585, 18.447], [77.528, 18.442], [77.557, 18.417], [77.523, 18.345], [77.605, 18.281], [77.563, 18.196], [77.599, 18.093], [77.548, 18.056], [77.656, 17.969], [77.507, 17.786], [77.569, 17.749], [77.452, 17.695], [77.443, 17.584], [77.507, 17.542], [77.528, 17.575], [77.594, 17.565], [77.692, 17.497], [77.513, 17.431], [77.53, 17.371], [77.454, 17.374], [77.459, 17.279], [77.38, 17.223], [77.404, 17.21], [77.364, 17.159], [77.464, 17.11], [77.503, 17.014], [77.454, 16.914], [77.477, 16.788], [77.439, 16.789], [77.426, 16.723], [77.474, 16.717], [77.47, 16.687], [77.419, 16.669], [77.476, 16.65], [77.467, 16.599], [77.393, 16.57], [77.419, 16.522], [77.369, 16.489], [77.236, 16.473], [77.349, 16.384], [77.595, 16.343], [77.598, 16.293], [77.49, 16.255], [77.516, 16.224], [77.494, 16.037], [77.513, 15.927], [77.659, 15.885], [77.888, 15.906], [78.009, 15.862], [78.032, 15.907], [78.134, 15.836], [78.252, 15.935], [78.261, 16.026], [78.312, 16.012], [78.408, 16.075], [78.552, 16.043], [78.627, 16.088], [78.735, 16.008], [78.785, 16.021], [78.84, 16.078], [78.834, 16.144], [78.872, 16.144], [78.896, 16.086], [78.905, 16.184], [79.01, 16.24], [79.217, 16.227], [79.215, 16.488], [79.257, 16.566], [79.419, 16.58], [79.447, 16.62], [79.774, 16.731], [79.95, 16.636], [80.071, 16.802], [79.999, 16.865], [80.017, 16.915], [80.196, 17.044], [80.294, 16.996], [80.322, 16.88], [80.38, 16.817], [80.384, 16.865], [80.57, 16.768], [80.613, 16.794], [80.563, 16.833], [80.602, 16.919], [80.535, 16.961], [80.493, 16.927], [80.363, 16.976], [80.407, 17.016], [80.409, 17.091], [80.465, 17.03], [80.514, 17.122], [80.58, 17.153], [80.671, 17.101], [80.654, 17.069], [80.845, 17.04], [80.879, 17.161], [80.924, 17.158], [80.919, 17.22], [81.031, 17.19], [81.055, 17.225], [81.174, 17.23], [81.19, 17.325], [81.274, 17.317], [81.323, 17.375], [81.312, 17.409], [81.148, 17.464], [81.127, 17.526], [81.015, 17.522], [80.969, 17.598], [81.005, 17.649], [80.878, 17.651], [80.886, 17.736], [80.928, 17.762], [80.973, 17.78], [81.058, 17.733], [81.104, 17.772], [81.008, 17.799], [80.949, 18.083], [80.979, 18.175], [80.867, 18.137], [80.873, 18.211], [80.837, 18.239], [80.799, 18.168], [80.737, 18.177], [80.737, 18.222], [80.794, 18.255], [80.735, 18.413], [80.515, 18.619], [80.348, 18.594], [80.28, 18.721], [80.118, 18.681], [79.921, 18.81], [79.962, 18.867], [79.94, 19.033], [79.871, 19.041], [79.858, 19.102], [79.946, 19.169], [79.925, 19.227], [79.98, 19.389], [79.915, 19.496], [79.753, 19.608], [79.628, 19.573], [79.596, 19.507], [79.54, 19.555], [79.471, 19.5], [79.244, 19.617], [79.224, 19.469], [79.19, 19.459], [79.098, 19.532], [78.94, 19.552], [78.973, 19.582], [78.956, 19.656], [78.852, 19.658], [78.841, 19.762], [78.552, 19.824], [78.49, 19.793], [78.336, 19.884]]]}, "properties": {"OBJECTID": 30, "STNAME": "Telangana", "STCODE11": "36", "STNAME_SH": "TELANGANA", "State_LGD": 36, "Shape_Length": 2658380.380641464, "Shape_Area": 124398829130.50182, "Remarks": "", "Zone": "South Zone"}}, {"type": "Feature", "id": 31, "geometry": {"type": "Polygon", "coordinates": [[[92.168, 24.531], [92.169, 24.428], [92.122, 24.382], [91.996, 24.394], [91.967, 24.38], [91.996, 24.322], [91.957, 24.357], [91.92, 24.337], [91.941, 24.268], [91.906, 24.139], [91.845, 24.226], [91.745, 24.247], [91.759, 24.142], [91.688, 24.162], [91.665, 24.234], [91.638, 24.103], [91.586, 24.073], [91.375, 24.108], [91.38, 23.975], [91.285, 23.982], [91.276, 23.923], [91.233, 23.927], [91.254, 23.837], [91.219, 23.736], [91.157, 23.742], [91.154, 23.688], [91.209, 23.686], [91.199, 23.647], [91.156, 23.671], [91.162, 23.595], [91.249, 23.49], [91.291, 23.351], [91.32, 23.36], [91.29, 23.319], [91.347, 23.102], [91.417, 23.065], [91.38, 23.185], [91.409, 23.285], [91.508, 23.184], [91.542, 22.999], [91.618, 22.939], [91.836, 23.093], [91.762, 23.303], [91.97, 23.478], [91.951, 23.726], [92.063, 23.645], [92.17, 23.74], [92.223, 23.653], [92.269, 23.847], [92.317, 23.864], [92.332, 24.18], [92.29, 24.252], [92.213, 24.25], [92.274, 24.388], [92.23, 24.502], [92.168, 24.531]]]}, "properties": {"OBJECTID": 31, "STNAME": "Tripura", "STCODE11": "16", "STNAME_SH": "TRIPURA", "State_LGD": 16, "Shape_Length": 1117863.1396878627, "Shape_Area": 12527436662.640936, "Remarks": "", "Zone": "North East Zone"}}, {"type": "Feature", "id": 32, "geometry": {"type": "Polygon", "coordinates": [[[79.108, 31.438], [79.059, 31.459], [78.912, 31.255], [79.009, 31.11], [78.885, 31.099], [78.81, 31.198], [78.658, 31.185], [78.609, 31.229], [78.484, 31.199], [78.37, 31.286], [78.03, 31.151], [77.901, 31.152], [77.811, 31.059], [77.838, 30.954], [77.749, 30.952], [77.813, 30.922], [77.806, 30.853], [77.758, 30.877], [77.702, 30.746], [77.793, 30.659], [77.796, 30.614], [77.743, 30.593], [77.827, 30.529], [77.572, 30.408], [77.657, 30.401], [77.722, 30.33], [77.962, 30.242], [77.86, 30.113], [77.801, 30.095], [77.714, 29.869], [77.799, 29.686], [77.953, 29.707], [77.984, 29.644], [77.933, 29.601], [77.967, 29.58], [78.022, 29.581], [78.196, 29.693], [78.204, 29.737], [78.336, 29.797], [78.501, 29.733], [78.533, 29.639], [78.618, 29.558], [78.942, 29.439], [78.796, 29.312], [78.767, 29.337], [78.719, 29.307], [78.874, 29.23], [78.906, 29.125], [78.982, 29.143], [79.027, 29.112], [79.036, 29.169], [79.127, 29.133], [79.171, 29.012], [79.212, 29.028], [79.307, 28.966], [79.372, 28.987], [79.44, 28.862], [79.556, 28.899], [79.584, 28.846], [79.656, 28.87], [79.707, 28.841], [79.829, 28.884], [79.85, 28.859], [79.808, 28.801], [79.888, 28.837], [79.916, 28.804], [79.873, 28.797], [79.94, 28.788], [79.954, 28.723], [80.062, 28.783], [80.058, 28.917], [80.135, 29.007], [80.145, 29.102], [80.273, 29.142], [80.241, 29.203], [80.294, 29.198], [80.319, 29.304], [80.242, 29.443], [80.302, 29.453], [80.342, 29.553], [80.408, 29.596], [80.366, 29.749], [80.435, 29.806], [80.494, 29.796], [80.602, 29.958], [80.745, 30.004], [80.875, 30.126], [80.903, 30.215], [80.95, 30.178], [81.047, 30.211], [81.006, 30.263], [80.822, 30.316], [80.598, 30.479], [80.539, 30.449], [80.416, 30.525], [80.258, 30.559], [80.197, 30.662], [80.236, 30.69], [80.24, 30.762], [80.178, 30.804], [80.111, 30.779], [80.056, 30.842], [79.929, 30.882], [79.863, 30.975], [79.753, 31.008], [79.603, 30.933], [79.519, 31.027], [79.425, 31.03], [79.399, 31.108], [79.317, 31.137], [79.252, 31.243], [79.246, 31.33], [79.108, 31.438]]]}, "properties": {"OBJECTID": 32, "STNAME": "Uttarakhand", "STCODE11": "05", "STNAME_SH": "UTTARAKHAND", "State_LGD": 5, "Shape_Length": 1949151.3798809596, "Shape_Area": 71691810416.54514, "Remarks": "", "Zone": "Central Zone"}}, {"type": "Feature", "id": 33, "geometry": {"type": "MultiPolygon", "coordinates": [[[[79.365, 25.145], [79.356, 25.04], [79.413, 25.035], [79.365, 25.145]]], [[[79.366, 25.172], [79.36, 25.189], [79.354, 25.176], [79.366, 25.172]]], [[[77.601, 30.4], [77.586, 30.313], [77.43, 30.164], [77.424, 30.103], [77.278, 30.042], [77.188, 29.911], [77.179, 29.813], [77.12, 29.76], [77.157, 29.693], [77.084, 29.589], [77.127, 29.559], [77.096, 29.519], [77.157, 29.387], [77.123, 29.37], [77.161, 29.332], [77.134, 29.095], [77.234, 28.911], [77.189, 28.88], [77.224, 28.825], [77.199, 28.798], [77.292, 28.706], [77.331, 28.713], [77.342, 28.609], [77.3, 28.56], [77.478, 28.419], [77.493, 28.252], [77.55, 28.242], [77.497, 28.205], [77.55, 28.18], [77.502, 28.161], [77.474, 28.087], [77.542, 27.989], [77.537, 27.934], [77.485, 27.935], [77.472, 27.884], [77.42, 27.89], [77.422, 27.854], [77.348, 27.856], [77.283, 27.8], [77.353, 27.651], [77.317, 27.607], [77.358, 27.589], [77.34, 27.527], [77.438, 27.456], [77.44, 27.391], [77.579, 27.323], [77.623, 27.336], [77.599, 27.297], [77.681, 27.194], [77.62, 27.174], [77.598, 27.118], [77.518, 27.102], [77.519, 27.067], [77.572, 27.072], [77.563, 27.029], [77.63, 27.01], [77.68, 27.047], [77.712, 26.997], [77.738, 27.03], [77.763, 27.007], [77.398, 26.83], [77.46, 26.742], [77.503, 26.769], [77.501, 26.844], [77.61, 26.829], [77.723, 26.874], [77.76, 26.932], [77.896, 26.884], [77.906, 26.918], [78.015, 26.903], [78.026, 26.85], [78.049, 26.91], [78.111, 26.896], [78.119, 26.947], [78.225, 26.946], [78.271, 26.915], [78.197, 26.88], [78.26, 26.814], [78.363, 26.869], [78.399, 26.818], [78.577, 26.749], [78.723, 26.797], [78.872, 26.698], [78.956, 26.692], [78.945, 26.655], [79.004, 26.674], [79.017, 26.601], [78.988, 26.586], [79.068, 26.497], [79.053, 26.454], [79.135, 26.44], [79.084, 26.362], [79.139, 26.338], [79.119, 26.3], [79.046, 26.26], [79.063, 26.226], [78.989, 26.235], [79.026, 26.192], [78.949, 26.129], [79.012, 26.083], [78.852, 25.857], [78.872, 25.801], [78.818, 25.829], [78.829, 25.796], [78.753, 25.75], [78.817, 25.676], [78.812, 25.621], [78.659, 25.56], [78.444, 25.563], [78.431, 25.474], [78.355, 25.452], [78.305, 25.377], [78.344, 25.328], [78.312, 25.303], [78.355, 25.292], [78.396, 25.187], [78.458, 25.164], [78.427, 25.154], [78.447, 25.122], [78.339, 25.087], [78.334, 24.995], [78.169, 24.863], [78.277, 24.663], [78.264, 24.552], [78.225, 24.521], [78.366, 24.386], [78.348, 24.3], [78.412, 24.272], [78.518, 24.388], [78.669, 24.24], [78.762, 24.26], [78.793, 24.177], [78.882, 24.217], [78.971, 24.348], [78.994, 24.423], [78.914, 24.46], [78.921, 24.5], [78.972, 24.494], [78.883, 24.641], [78.752, 24.6], [78.79, 24.811], [78.632, 24.958], [78.653, 25.051], [78.556, 25.211], [78.578, 25.255], [78.435, 25.284], [78.502, 25.321], [78.531, 25.3], [78.532, 25.357], [78.583, 25.347], [78.567, 25.394], [78.636, 25.401], [78.66, 25.442], [78.711, 25.428], [78.659, 25.385], [78.775, 25.353], [78.75, 25.411], [78.821, 25.423], [78.762, 25.427], [78.736, 25.494], [78.841, 25.461], [78.844, 25.428], [78.866, 25.466], [78.835, 25.506], [78.939, 25.557], [78.909, 25.442], [78.967, 25.435], [78.989, 25.374], [78.939, 25.347], [78.896, 25.374], [78.953, 25.4], [78.88, 25.386], [78.788, 25.296], [78.829, 25.303], [78.809, 25.271], [78.85, 25.229], [78.882, 25.344], [78.961, 25.345], [78.98, 25.279], [78.881, 25.254], [78.88, 25.158], [78.954, 25.219], [79.006, 25.195], [78.975, 25.24], [79.013, 25.274], [79.064, 25.222], [79.029, 25.14], [79.091, 25.191], [79.132, 25.109], [79.192, 25.146], [79.245, 25.114], [79.245, 25.159], [79.266, 25.121], [79.314, 25.136], [79.279, 25.245], [79.338, 25.198], [79.351, 25.264], [79.264, 25.269], [79.3, 25.338], [79.352, 25.33], [79.363, 25.262], [79.369, 25.292], [79.409, 25.256], [79.494, 25.267], [79.39, 25.17], [79.406, 25.106], [79.477, 25.127], [79.492, 25.08], [79.569, 25.172], [79.601, 25.127], [79.748, 25.139], [79.862, 25.096], [79.851, 25.236], [80.005, 25.266], [80.033, 25.342], [80.131, 25.334], [80.202, 25.414], [80.264, 25.424], [80.315, 25.389], [80.311, 25.286], [80.403, 25.244], [80.432, 25.178], [80.355, 25.138], [80.355, 25.056], [80.291, 25.06], [80.274, 25.026], [80.387, 25.004], [80.374, 25.056], [80.45, 25.078], [80.502, 25.037], [80.433, 25.024], [80.479, 24.974], [80.549, 25.002], [80.483, 25.1], [80.613, 25.066], [80.607, 25.15], [80.638, 25.117], [80.608, 25.098], [80.685, 25.077], [80.68, 25.048], [80.776, 25.055], [80.704, 25.128], [80.808, 25.137], [80.83, 25.1], [80.838, 25.18], [80.885, 25.188], [80.913, 25.159], [80.832, 25.033], [80.852, 24.988], [80.792, 24.965], [80.812, 24.923], [80.946, 24.966], [80.957, 24.918], [81.085, 24.95], [81.14, 24.888], [81.168, 24.955], [81.22, 24.929], [81.209, 24.993], [81.264, 25.053], [81.278, 25.166], [81.313, 25.164], [81.321, 25.113], [81.335, 25.169], [81.439, 25.13], [81.407, 25.105], [81.491, 25.072], [81.518, 25.101], [81.48, 25.133], [81.537, 25.161], [81.515, 25.184], [81.579, 25.191], [81.626, 25.16], [81.611, 25.057], [81.667, 25.075], [81.792, 25.004], [81.907, 25.006], [81.903, 24.892], [81.965, 24.827], [82.017, 24.846], [82.116, 24.784], [82.204, 24.819], [82.184, 24.796], [82.218, 24.777], [82.177, 24.732], [82.221, 24.722], [82.207, 24.747], [82.251, 24.77], [82.23, 24.682], [82.303, 24.667], [82.297, 24.606], [82.416, 24.591], [82.429, 24.703], [82.54, 24.648], [82.671, 24.697], [82.707, 24.636], [82.774, 24.642], [82.808, 24.549], [82.719, 24.552], [82.744, 24.495], [82.713, 24.38], [82.774, 24.343], [82.744, 24.165], [82.665, 24.124], [82.774, 24.076], [82.751, 24.012], [82.948, 23.871], [83.091, 23.872], [83.208, 23.921], [83.224, 23.987], [83.354, 24.125], [83.409, 24.266], [83.38, 24.314], [83.457, 24.365], [83.405, 24.405], [83.397, 24.497], [83.503, 24.525], [83.548, 24.623], [83.5, 24.651], [83.489, 24.736], [83.393, 24.783], [83.358, 24.871], [83.35, 25.009], [83.32, 25.017], [83.357, 25.2], [83.702, 25.396], [83.769, 25.386], [83.846, 25.434], [83.817, 25.463], [84.081, 25.636], [84.105, 25.721], [84.277, 25.66], [84.324, 25.671], [84.336, 25.744], [84.499, 25.675], [84.539, 25.727], [84.557, 25.68], [84.56, 25.737], [84.635, 25.728], [84.603, 25.762], [84.625, 25.792], [84.531, 25.832], [84.534, 25.876], [84.428, 25.891], [84.354, 25.959], [84.17, 25.988], [84.172, 26.025], [84.009, 26.176], [84.019, 26.239], [84.166, 26.241], [84.177, 26.371], [84.079, 26.383], [84.017, 26.448], [83.908, 26.447], [83.908, 26.519], [84.048, 26.536], [84.086, 26.639], [84.281, 26.6], [84.42, 26.627], [84.41, 26.67], [84.33, 26.684], [84.306, 26.749], [84.241, 26.739], [84.254, 26.857], [84.166, 26.834], [84.146, 26.885], [84.06, 26.888], [84.05, 27.043], [84.0, 27.069], [84.03, 27.098], [83.946, 27.091], [83.994, 27.175], [83.905, 27.258], [83.925, 27.321], [83.859, 27.308], [83.831, 27.37], [83.614, 27.469], [83.388, 27.48], [83.409, 27.413], [83.318, 27.33], [83.188, 27.454], [82.736, 27.502], [82.756, 27.588], [82.708, 27.723], [82.449, 27.679], [82.07, 27.924], [81.968, 27.929], [81.885, 27.857], [81.478, 28.083], [81.447, 28.161], [81.374, 28.177], [81.371, 28.143], [81.318, 28.134], [81.321, 28.198], [81.211, 28.361], [81.034, 28.399], [81.017, 28.451], [80.915, 28.458], [80.896, 28.507], [80.789, 28.525], [80.668, 28.642], [80.589, 28.648], [80.591, 28.68], [80.506, 28.671], [80.518, 28.552], [80.452, 28.629], [80.361, 28.635], [80.257, 28.754], [80.118, 28.829], [80.065, 28.837], [80.03, 28.749], [79.954, 28.723], [79.94, 28.788], [79.873, 28.797], [79.916, 28.804], [79.888, 28.837], [79.809, 28.8], [79.85, 28.859], [79.818, 28.888], [79.707, 28.841], [79.656, 28.87], [79.584, 28.846], [79.556, 28.899], [79.522, 28.865], [79.426, 28.866], [79.372, 28.987], [79.307, 28.966], [79.212, 29.028], [79.171, 29.012], [79.127, 29.133], [79.036, 29.169], [79.027, 29.112], [78.982, 29.143], [78.906, 29.125], [78.874, 29.23], [78.719, 29.307], [78.767, 29.337], [78.796, 29.312], [78.942, 29.439], [78.618, 29.558], [78.533, 29.639], [78.501, 29.733], [78.336, 29.797], [78.204, 29.737], [78.196, 29.693], [78.022, 29.581], [77.933, 29.601], [77.984, 29.644], [77.947, 29.712], [77.799, 29.686], [77.714, 29.869], [77.733, 29.956], [77.801, 30.095], [77.86, 30.113], [77.962, 30.242], [77.601, 30.4]], [[78.501, 25.171], [78.53, 25.18], [78.494, 25.153], [78.501, 25.171]]]]}, "properties": {"OBJECTID": 33, "STNAME": "Uttar Pradesh", "STCODE11": "09", "STNAME_SH": "UTTAR PRADESH", "State_LGD": 9, "Shape_Length": 7037170.877093336, "Shape_Area": 304575289849.1316, "Remarks": "", "Zone": "Central Zone"}}, {"type": "Feature", "id": 34, "geometry": {"type": "MultiPolygon", "coordinates": [[[[88.017, 21.56], [88.01, 21.558], [88.014, 21.547], [88.017, 21.56]]], [[[88.947, 21.596], [88.947, 21.601], [88.945, 21.599], [88.947, 21.596]]], [[[88.522, 21.586], [88.498, 21.601], [88.485, 21.552], [88.534, 21.527], [88.522, 21.586]], [[89.14, 21.596], [89.136, 21.601], [89.151, 21.6], [89.14, 21.596]], [[88.174, 21.584], [88.167, 21.603], [88.199, 21.542], [88.174, 21.584]]], [[[88.834, 21.608], [88.831, 21.551], [88.906, 21.548], [88.834, 21.608]], [[88.635, 21.663], [88.642, 21.679], [88.632, 21.649], [88.635, 21.663]]], [[[88.043, 21.692], [88.046, 21.697], [88.045, 21.699], [88.043, 21.692]]], [[[88.052, 21.702], [88.05, 21.7], [88.049, 21.694], [88.052, 21.702]]], [[[88.309, 21.705], [88.318, 21.605], [88.351, 21.677], [88.309, 21.705]]], [[[88.044, 21.701], [88.045, 21.702], [88.043, 21.709], [88.044, 21.701]]], [[[88.053, 21.703], [88.056, 21.711], [88.053, 21.709], [88.053, 21.703]]], [[[88.75, 21.65], [88.693, 21.72], [88.709, 21.585], [88.742, 21.562], [88.8, 21.591], [88.75, 21.65]]], [[[88.207, 21.709], [88.181, 21.689], [88.202, 21.706], [88.209, 21.608], [88.207, 21.709]]], [[[88.415, 21.726], [88.396, 21.755], [88.369, 21.727], [88.404, 21.717], [88.397, 21.59], [88.432, 21.62], [88.415, 21.726]]], [[[88.386, 21.764], [88.344, 21.755], [88.357, 21.686], [88.395, 21.713], [88.363, 21.726], [88.386, 21.764]]], [[[88.604, 21.726], [88.619, 21.739], [88.569, 21.77], [88.604, 21.726]]], [[[88.301, 21.752], [88.289, 21.779], [88.292, 21.712], [88.301, 21.752]]], [[[88.198, 21.769], [88.193, 21.78], [88.193, 21.758], [88.198, 21.769]]], [[[88.608, 21.785], [88.587, 21.757], [88.611, 21.705], [88.608, 21.785]]], [[[88.182, 21.784], [88.186, 21.79], [88.179, 21.799], [88.182, 21.784]]], [[[88.422, 21.811], [88.383, 21.778], [88.432, 21.704], [88.434, 21.604], [88.471, 21.792], [88.422, 21.811]]], [[[88.6, 21.639], [88.542, 21.811], [88.506, 21.758], [88.526, 21.663], [88.597, 21.613], [88.6, 21.639]]], [[[88.483, 21.835], [88.464, 21.8], [88.5, 21.811], [88.483, 21.835]]], [[[88.2, 21.836], [88.192, 21.83], [88.202, 21.818], [88.2, 21.836]]], [[[88.191, 21.831], [88.195, 21.84], [88.166, 21.87], [88.191, 21.831]]], [[[88.148, 21.851], [88.126, 21.868], [88.077, 21.777], [88.061, 21.638], [88.145, 21.639], [88.148, 21.851]]], [[[88.174, 21.864], [88.174, 21.868], [88.165, 21.879], [88.174, 21.864]]], [[[88.571, 21.88], [88.554, 21.876], [88.557, 21.828], [88.571, 21.88]]], [[[88.562, 21.897], [88.531, 21.848], [88.552, 21.817], [88.562, 21.897]]], [[[88.649, 21.918], [88.585, 21.845], [88.592, 21.798], [88.645, 21.788], [88.649, 21.918]]], [[[88.125, 21.931], [88.13, 21.899], [88.145, 21.917], [88.125, 21.931]]], [[[88.925, 21.923], [88.819, 21.929], [88.884, 21.661], [88.923, 21.632], [88.921, 21.762], [88.954, 21.627], [89.024, 21.603], [89.026, 21.658], [89.068, 21.617], [89.094, 21.664], [89.019, 21.766], [89.031, 21.864], [88.925, 21.923]]], [[[88.568, 21.958], [88.544, 21.971], [88.584, 21.892], [88.61, 21.925], [88.568, 21.958]]], [[[88.603, 21.991], [88.576, 21.961], [88.61, 21.929], [88.603, 21.991]]], [[[88.988, 21.971], [88.944, 22.001], [88.929, 21.945], [89.012, 21.903], [88.988, 21.971]]], [[[89.816, 26.343], [89.79, 26.342], [89.817, 26.321], [89.816, 26.343]]], [[[88.033, 27.221], [87.991, 27.106], [88.134, 26.986], [88.188, 26.772], [88.103, 26.539], [88.13, 26.516], [88.225, 26.557], [88.18, 26.488], [88.224, 26.482], [88.27, 26.42], [88.232, 26.38], [88.294, 26.352], [88.072, 26.174], [87.975, 26.143], [87.986, 26.078], [87.856, 26.036], [87.838, 25.931], [87.807, 25.93], [87.83, 25.871], [87.915, 25.854], [87.904, 25.771], [88.048, 25.698], [88.02, 25.591], [88.077, 25.508], [87.884, 25.521], [87.869, 25.469], [87.764, 25.413], [87.855, 25.255], [87.713, 25.258], [87.787, 25.247], [87.774, 25.121], [87.963, 24.935], [87.869, 24.825], [87.869, 24.775], [87.816, 24.76], [87.908, 24.722], [87.914, 24.638], [87.876, 24.615], [87.913, 24.593], [87.849, 24.554], [87.771, 24.583], [87.809, 24.547], [87.794, 24.501], [87.828, 24.499], [87.801, 24.382], [87.706, 24.261], [87.634, 24.242], [87.694, 24.15], [87.576, 24.161], [87.61, 24.133], [87.56, 24.082], [87.498, 24.119], [87.512, 24.036], [87.438, 24.014], [87.46, 23.984], [87.245, 24.045], [87.295, 23.902], [87.269, 23.875], [87.245, 23.908], [87.239, 23.826], [87.234, 23.857], [87.133, 23.87], [87.167, 23.825], [87.122, 23.797], [86.916, 23.882], [86.88, 23.862], [86.89, 23.821], [86.805, 23.837], [86.828, 23.76], [86.799, 23.689], [86.462, 23.63], [86.388, 23.574], [86.379, 23.474], [86.311, 23.411], [86.149, 23.465], [86.158, 23.56], [86.042, 23.587], [86.016, 23.547], [86.054, 23.487], [85.87, 23.475], [85.903, 23.397], [85.82, 23.268], [85.895, 23.155], [86.045, 23.144], [86.185, 23.005], [86.546, 22.99], [86.526, 22.948], [86.435, 22.925], [86.467, 22.9], [86.418, 22.784], [86.636, 22.665], [86.66, 22.575], [86.767, 22.575], [86.802, 22.503], [86.75, 22.483], [86.762, 22.432], [86.846, 22.399], [86.832, 22.327], [86.888, 22.297], [86.886, 22.257], [86.792, 22.266], [86.802, 22.218], [86.725, 22.218], [86.72, 22.147], [86.794, 22.157], [86.834, 22.099], [86.958, 22.089], [87.027, 22.037], [87.0, 21.913], [87.036, 21.869], [87.098, 21.867], [87.097, 21.914], [87.161, 21.935], [87.17, 21.98], [87.232, 21.957], [87.277, 21.806], [87.446, 21.768], [87.485, 21.611], [87.805, 21.703], [87.968, 21.855], [88.056, 22.02], [88.183, 22.094], [88.137, 22.184], [88.007, 22.203], [87.956, 22.27], [88.061, 22.206], [88.085, 22.256], [88.073, 22.209], [88.188, 22.188], [88.223, 22.071], [88.15, 21.957], [88.215, 21.778], [88.218, 21.616], [88.276, 21.557], [88.31, 21.582], [88.261, 21.732], [88.283, 21.789], [88.321, 21.709], [88.417, 21.813], [88.46, 21.792], [88.483, 21.872], [88.418, 21.903], [88.537, 21.856], [88.519, 21.876], [88.569, 21.904], [88.535, 21.969], [88.624, 22.011], [88.631, 21.954], [88.679, 21.943], [88.751, 22.006], [88.694, 21.745], [88.745, 21.661], [88.808, 21.663], [88.81, 21.704], [88.757, 21.703], [88.781, 21.825], [88.75, 21.77], [88.794, 21.737], [88.763, 21.702], [88.815, 21.711], [88.804, 21.637], [88.846, 21.619], [88.865, 21.761], [88.821, 21.781], [88.84, 21.886], [88.8, 21.927], [88.904, 21.928], [88.902, 22.004], [88.918, 21.981], [88.954, 22.012], [88.988, 21.974], [89.03, 22.001], [88.997, 21.95], [89.068, 21.932], [89.038, 22.094], [89.099, 22.152], [89.071, 22.147], [88.984, 22.327], [88.996, 22.469], [88.927, 22.65], [88.962, 22.695], [88.911, 22.758], [88.968, 22.845], [88.909, 22.88], [88.894, 22.952], [88.859, 22.943], [88.845, 23.01], [88.88, 23.006], [88.868, 23.101], [88.996, 23.215], [88.811, 23.256], [88.79, 23.218], [88.719, 23.255], [88.696, 23.302], [88.745, 23.308], [88.732, 23.352], [88.801, 23.497], [88.741, 23.48], [88.646, 23.609], [88.58, 23.603], [88.594, 23.641], [88.558, 23.649], [88.556, 23.784], [88.602, 23.817], [88.576, 23.862], [88.668, 23.869], [88.769, 23.982], [88.729, 23.996], [88.757, 24.032], [88.693, 24.111], [88.746, 24.147], [88.735, 24.276], [88.697, 24.315], [88.568, 24.327], [88.555, 24.293], [88.446, 24.379], [88.334, 24.381], [88.141, 24.511], [88.009, 24.668], [88.175, 24.86], [88.138, 24.936], [88.226, 24.96], [88.258, 24.878], [88.331, 24.87], [88.341, 24.941], [88.399, 24.945], [88.453, 25.037], [88.444, 25.197], [88.566, 25.175], [88.711, 25.208], [88.806, 25.17], [88.844, 25.214], [88.923, 25.165], [89.009, 25.299], [88.84, 25.364], [88.811, 25.523], [88.699, 25.471], [88.54, 25.508], [88.5, 25.584], [88.444, 25.597], [88.454, 25.665], [88.402, 25.673], [88.27, 25.808], [88.114, 25.798], [88.086, 25.917], [88.183, 26.027], [88.177, 26.148], [88.351, 26.22], [88.35, 26.282], [88.458, 26.377], [88.523, 26.361], [88.485, 26.46], [88.371, 26.488], [88.355, 26.447], [88.332, 26.482], [88.409, 26.635], [88.436, 26.545], [88.561, 26.456], [88.623, 26.471], [88.702, 26.388], [88.703, 26.334], [88.746, 26.347], [88.675, 26.32], [88.666, 26.263], [88.794, 26.31], [88.842, 26.231], [88.898, 26.289], [88.957, 26.24], [89.051, 26.242], [89.059, 26.293], [88.996, 26.29], [88.987, 26.348], [88.956, 26.33], [88.958, 26.362], [88.91, 26.37], [88.905, 26.408], [88.965, 26.458], [88.994, 26.413], [89.096, 26.391], [89.083, 26.322], [89.136, 26.32], [89.1, 26.279], [89.155, 26.139], [89.229, 26.124], [89.254, 26.064], [89.349, 26.01], [89.424, 26.047], [89.429, 26.012], [89.541, 26.006], [89.556, 25.965], [89.605, 26.064], [89.65, 26.062], [89.594, 26.102], [89.63, 26.118], [89.597, 26.135], [89.607, 26.179], [89.659, 26.176], [89.634, 26.229], [89.686, 26.231], [89.701, 26.152], [89.737, 26.173], [89.699, 26.191], [89.733, 26.212], [89.7, 26.218], [89.732, 26.238], [89.703, 26.258], [89.739, 26.27], [89.72, 26.307], [89.758, 26.288], [89.751, 26.321], [89.859, 26.384], [89.83, 26.397], [89.872, 26.451], [89.883, 26.583], [89.863, 26.701], [89.771, 26.701], [89.753, 26.735], [89.624, 26.718], [89.651, 26.776], [89.56, 26.813], [89.47, 26.803], [89.379, 26.862], [89.134, 26.808], [89.096, 26.892], [89.022, 26.941], [88.944, 26.934], [88.922, 26.994], [88.877, 26.944], [88.868, 27.112], [88.729, 27.136], [88.692, 27.178], [88.543, 27.183], [88.433, 27.079], [88.302, 27.129], [88.137, 27.115], [88.033, 27.221]]]]}, "properties": {"OBJECTID": 34, "STNAME": "West Bengal", "STCODE11": "19", "STNAME_SH": "WEST BENGAL", "State_LGD": 19, "Shape_Length": 6719352.5042813085, "Shape_Area": 102715378209.73563, "Remarks": "", "Zone": "East Zone"}}, {"type": "Feature", "id": 35, "geometry": {"type": "MultiPolygon", "coordinates": [[[[74.242, 14.712], [74.238, 14.709], [74.24, 14.709], [74.242, 14.712]]], [[[74.157, 14.737], [74.158, 14.739], [74.153, 14.742], [74.157, 14.737]]], [[[74.113, 14.758], [74.108, 14.759], [74.12, 14.753], [74.113, 14.758]]], [[[74.089, 14.794], [74.089, 14.796], [74.086, 14.796], [74.089, 14.794]]], [[[74.057, 14.817], [74.054, 14.816], [74.057, 14.815], [74.057, 14.817]]], [[[74.065, 14.82], [74.064, 14.821], [74.062, 14.821], [74.065, 14.82]]], [[[74.059, 14.821], [74.057, 14.819], [74.062, 14.82], [74.059, 14.821]]], [[[74.094, 14.836], [74.096, 14.838], [74.093, 14.839], [74.094, 14.836]]], [[[74.1, 14.845], [74.096, 14.846], [74.101, 14.841], [74.1, 14.845]]], [[[74.108, 14.865], [74.108, 14.866], [74.106, 14.865], [74.108, 14.865]]], [[[74.291, 15.832], [74.266, 15.798], [74.302, 15.787], [74.291, 15.832]]], [[[77.332, 18.451], [77.242, 18.413], [77.213, 18.28], [77.175, 18.285], [77.152, 18.217], [77.098, 18.197], [77.112, 18.156], [76.952, 18.188], [76.92, 18.118], [76.966, 18.098], [76.906, 18.01], [76.919, 17.916], [76.807, 17.871], [76.74, 17.9], [76.738, 17.857], [76.79, 17.826], [76.714, 17.781], [76.691, 17.681], [76.615, 17.77], [76.582, 17.705], [76.573, 17.761], [76.523, 17.76], [76.49, 17.66], [76.429, 17.645], [76.42, 17.604], [76.331, 17.597], [76.346, 17.493], [76.376, 17.49], [76.333, 17.434], [76.372, 17.436], [76.363, 17.378], [76.409, 17.371], [76.383, 17.315], [76.345, 17.354], [76.276, 17.335], [76.242, 17.379], [76.17, 17.353], [76.176, 17.301], [76.119, 17.371], [76.079, 17.332], [76.014, 17.354], [75.931, 17.323], [75.884, 17.418], [75.861, 17.386], [75.821, 17.421], [75.793, 17.37], [75.633, 17.477], [75.614, 17.392], [75.574, 17.383], [75.658, 17.263], [75.625, 17.174], [75.672, 17.116], [75.641, 17.038], [75.67, 17.038], [75.67, 16.962], [75.573, 17.01], [75.568, 16.966], [75.489, 16.944], [75.466, 16.988], [75.28, 16.957], [75.282, 16.88], [75.214, 16.842], [75.136, 16.874], [75.089, 16.952], [74.932, 16.945], [74.964, 16.91], [74.902, 16.863], [74.92, 16.772], [74.691, 16.716], [74.653, 16.639], [74.687, 16.607], [74.569, 16.554], [74.544, 16.635], [74.469, 16.664], [74.467, 16.607], [74.397, 16.583], [74.38, 16.529], [74.316, 16.554], [74.306, 16.504], [74.271, 16.548], [74.247, 16.497], [74.291, 16.505], [74.289, 16.463], [74.364, 16.405], [74.353, 16.366], [74.317, 16.381], [74.325, 16.272], [74.48, 16.25], [74.491, 16.104], [74.428, 16.112], [74.361, 16.054], [74.463, 16.039], [74.387, 15.905], [74.406, 15.855], [74.369, 15.894], [74.338, 15.855], [74.383, 15.849], [74.358, 15.775], [74.24, 15.743], [74.221, 15.786], [74.088, 15.672], [74.25, 15.657], [74.245, 15.567], [74.283, 15.531], [74.251, 15.492], [74.336, 15.295], [74.251, 15.259], [74.317, 15.186], [74.273, 15.097], [74.296, 15.041], [74.253, 14.959], [74.202, 14.926], [74.164, 14.958], [74.162, 14.912], [74.086, 14.901], [74.125, 14.838], [74.093, 14.804], [74.204, 14.719], [74.234, 14.748], [74.263, 14.72], [74.31, 14.521], [74.355, 14.522], [74.398, 14.408], [74.514, 13.987], [74.61, 13.866], [74.694, 13.344], [74.864, 12.761], [75.003, 12.792], [74.983, 12.737], [75.052, 12.72], [75.047, 12.668], [75.086, 12.704], [75.152, 12.683], [75.139, 12.643], [75.202, 12.63], [75.22, 12.569], [75.276, 12.619], [75.327, 12.592], [75.274, 12.536], [75.337, 12.464], [75.417, 12.498], [75.413, 12.459], [75.366, 12.457], [75.373, 12.4], [75.422, 12.373], [75.414, 12.291], [75.479, 12.295], [75.533, 12.201], [75.662, 12.099], [75.803, 12.079], [75.859, 11.959], [76.003, 11.931], [76.112, 11.979], [76.12, 11.85], [76.19, 11.871], [76.224, 11.808], [76.28, 11.812], [76.34, 11.739], [76.414, 11.759], [76.417, 11.672], [76.512, 11.705], [76.56, 11.622], [76.614, 11.608], [76.854, 11.597], [76.835, 11.655], [76.9, 11.784], [76.97, 11.777], [76.983, 11.812], [77.035, 11.77], [77.067, 11.788], [77.118, 11.721], [77.111, 11.773], [77.25, 11.813], [77.427, 11.761], [77.495, 11.944], [77.676, 11.952], [77.776, 12.112], [77.733, 12.178], [77.472, 12.208], [77.479, 12.271], [77.551, 12.291], [77.617, 12.368], [77.635, 12.488], [77.584, 12.479], [77.616, 12.509], [77.58, 12.552], [77.599, 12.667], [77.74, 12.673], [77.809, 12.797], [77.792, 12.843], [77.836, 12.87], [77.929, 12.891], [77.921, 12.828], [77.952, 12.857], [78.01, 12.806], [78.053, 12.854], [78.134, 12.782], [78.231, 12.761], [78.252, 12.861], [78.312, 12.859], [78.356, 12.941], [78.446, 12.912], [78.465, 12.867], [78.411, 12.945], [78.467, 12.975], [78.462, 13.043], [78.539, 13.106], [78.517, 13.132], [78.58, 13.167], [78.55, 13.19], [78.579, 13.216], [78.57, 13.309], [78.532, 13.267], [78.366, 13.359], [78.402, 13.588], [78.236, 13.599], [78.193, 13.565], [78.204, 13.628], [78.168, 13.656], [78.087, 13.643], [78.069, 13.698], [78.113, 13.693], [78.092, 13.742], [78.124, 13.845], [78.049, 13.896], [78.046, 13.862], [78.0, 13.873], [77.953, 13.827], [77.983, 13.958], [77.927, 13.905], [77.827, 13.945], [77.837, 13.87], [77.719, 13.8], [77.717, 13.741], [77.68, 13.787], [77.621, 13.768], [77.628, 13.735], [77.527, 13.754], [77.525, 13.691], [77.485, 13.715], [77.455, 13.682], [77.465, 13.806], [77.423, 13.799], [77.433, 13.843], [77.257, 13.847], [77.236, 13.904], [77.2, 13.863], [77.185, 13.925], [77.169, 13.864], [77.128, 13.856], [77.169, 13.83], [77.173, 13.762], [77.065, 13.744], [77.024, 13.779], [76.999, 13.746], [76.978, 13.827], [77.042, 13.933], [76.931, 14.03], [76.978, 14.071], [76.886, 14.138], [76.895, 14.168], [76.948, 14.198], [77.023, 14.177], [77.028, 14.062], [77.127, 14.047], [77.149, 14.001], [77.322, 14.03], [77.371, 13.953], [77.348, 13.916], [77.4, 13.888], [77.438, 13.976], [77.382, 13.976], [77.39, 14.017], [77.332, 14.031], [77.401, 14.119], [77.347, 14.104], [77.351, 14.13], [77.394, 14.174], [77.504, 14.157], [77.504, 14.264], [77.393, 14.336], [77.419, 14.212], [77.392, 14.199], [77.364, 14.276], [77.284, 14.283], [77.287, 14.34], [77.157, 14.342], [77.108, 14.22], [76.94, 14.245], [76.957, 14.294], [76.885, 14.348], [76.885, 14.396], [76.943, 14.399], [76.975, 14.485], [76.868, 14.474], [76.765, 14.602], [76.783, 14.786], [76.854, 14.809], [76.87, 14.938], [76.867, 14.97], [76.767, 14.976], [76.777, 15.078], [77.082, 15.006], [77.169, 15.171], [77.125, 15.227], [77.167, 15.269], [77.113, 15.334], [77.064, 15.328], [76.974, 15.498], [77.03, 15.503], [77.03, 15.634], [77.083, 15.659], [77.121, 15.631], [77.129, 15.666], [77.049, 15.73], [77.065, 15.827], [77.033, 15.857], [77.185, 15.957], [77.513, 15.927], [77.49, 16.255], [77.598, 16.293], [77.594, 16.344], [77.349, 16.384], [77.236, 16.473], [77.369, 16.489], [77.419, 16.522], [77.393, 16.57], [77.467, 16.599], [77.476, 16.65], [77.419, 16.669], [77.47, 16.687], [77.474, 16.717], [77.426, 16.723], [77.439, 16.789], [77.477, 16.788], [77.454, 16.914], [77.503, 17.014], [77.464, 17.11], [77.364, 17.159], [77.404, 17.21], [77.38, 17.223], [77.459, 17.279], [77.454, 17.374], [77.53, 17.371], [77.513, 17.431], [77.692, 17.497], [77.594, 17.565], [77.528, 17.575], [77.507, 17.542], [77.443, 17.584], [77.452, 17.695], [77.569, 17.749], [77.507, 17.786], [77.656, 17.969], [77.548, 18.056], [77.599, 18.093], [77.563, 18.196], [77.605, 18.281], [77.513, 18.31], [77.465, 18.263], [77.438, 18.31], [77.366, 18.307], [77.414, 18.393], [77.332, 18.451]]], [[[77.279, 18.476], [77.267, 18.455], [77.3, 18.465], [77.279, 18.476]]]]}, "properties": {"OBJECTID": 35, "STNAME": "Karnataka", "STCODE11": "29", "STNAME_SH": "KARNATAKA", "State_LGD": 29, "Shape_Length": 4867826.2631568005, "Shape_Area": 206400885700.93417, "Remarks": "", "Zone": "South Zone"}}, {"type": "Feature", "id": 36, "geometry": {"type": "MultiPolygon", "coordinates": [[[[74.172, 22.419], [74.157, 22.412], [74.179, 22.388], [74.172, 22.419]]], [[[78.497, 25.154], [78.53, 25.18], [78.508, 25.178], [78.497, 25.154]]], [[[78.373, 26.862], [78.287, 26.857], [78.268, 26.814], [78.174, 26.824], [78.183, 26.784], [78.113, 26.795], [78.09, 26.674], [78.0, 26.695], [77.904, 26.659], [77.822, 26.55], [77.538, 26.411], [77.437, 26.403], [77.445, 26.362], [77.368, 26.364], [77.213, 26.234], [77.029, 26.171], [76.9, 26.093], [76.789, 25.941], [76.583, 25.871], [76.521, 25.794], [76.524, 25.73], [76.473, 25.71], [76.556, 25.452], [76.729, 25.329], [76.902, 25.324], [76.942, 25.282], [77.084, 25.337], [77.209, 25.306], [77.294, 25.424], [77.371, 25.408], [77.342, 25.322], [77.378, 25.316], [77.355, 25.263], [77.427, 25.188], [77.393, 25.159], [77.407, 25.112], [77.311, 25.08], [77.27, 25.116], [77.174, 25.112], [77.085, 25.054], [76.999, 25.075], [76.876, 25.041], [76.857, 25.002], [76.949, 24.869], [76.802, 24.81], [76.856, 24.742], [76.954, 24.76], [77.032, 24.711], [77.071, 24.573], [76.978, 24.461], [76.918, 24.481], [76.918, 24.543], [76.816, 24.534], [76.853, 24.466], [76.841, 24.322], [76.947, 24.201], [76.901, 24.127], [76.801, 24.117], [76.758, 24.168], [76.698, 24.168], [76.693, 24.286], [76.584, 24.243], [76.578, 24.179], [76.527, 24.157], [76.471, 24.226], [76.412, 24.201], [76.323, 24.246], [76.213, 24.21], [76.186, 24.329], [76.117, 24.194], [76.127, 24.089], [75.963, 24.019], [75.981, 23.929], [75.781, 23.849], [75.706, 23.899], [75.736, 23.856], [75.687, 23.756], [75.655, 23.798], [75.583, 23.795], [75.563, 23.858], [75.462, 23.915], [75.475, 23.983], [75.521, 24.025], [75.596, 23.99], [75.674, 24.018], [75.718, 23.967], [75.837, 24.057], [75.751, 24.143], [75.83, 24.234], [75.728, 24.391], [75.789, 24.472], [75.839, 24.414], [75.909, 24.455], [75.914, 24.572], [75.825, 24.613], [75.834, 24.732], [75.757, 24.762], [75.611, 24.68], [75.583, 24.713], [75.456, 24.68], [75.219, 24.703], [75.184, 24.749], [75.252, 24.813], [75.224, 24.844], [75.312, 24.801], [75.426, 24.869], [75.263, 24.875], [75.294, 24.908], [75.274, 24.964], [75.318, 24.894], [75.332, 25.041], [75.167, 25.048], [75.114, 24.967], [75.117, 24.878], [75.033, 24.844], [74.959, 24.858], [74.833, 24.96], [74.849, 24.776], [75.001, 24.775], [75.016, 24.732], [74.943, 24.638], [74.889, 24.634], [74.8, 24.779], [74.772, 24.661], [74.814, 24.65], [74.709, 24.486], [74.854, 24.445], [74.747, 24.253], [74.897, 24.227], [74.904, 24.109], [74.982, 24.025], [74.903, 23.873], [74.94, 23.765], [74.899, 23.682], [74.937, 23.629], [74.847, 23.552], [74.604, 23.457], [74.514, 23.328], [74.547, 23.277], [74.7, 23.268], [74.692, 23.219], [74.742, 23.209], [74.506, 23.085], [74.386, 23.112], [74.319, 23.059], [74.365, 22.977], [74.339, 22.953], [74.393, 22.897], [74.447, 22.921], [74.476, 22.855], [74.379, 22.634], [74.264, 22.644], [74.151, 22.521], [74.041, 22.542], [74.033, 22.49], [74.083, 22.507], [74.119, 22.419], [74.193, 22.475], [74.202, 22.435], [74.291, 22.394], [74.204, 22.367], [74.19, 22.32], [74.105, 22.372], [74.065, 22.355], [74.072, 22.219], [74.122, 22.212], [74.124, 22.098], [74.179, 22.085], [74.092, 22.015], [74.151, 21.987], [74.144, 21.953], [74.281, 21.933], [74.432, 22.03], [74.439, 21.977], [74.524, 21.911], [74.506, 21.726], [74.554, 21.681], [74.783, 21.611], [74.902, 21.629], [75.053, 21.565], [75.107, 21.463], [75.215, 21.41], [75.544, 21.369], [76.097, 21.372], [76.176, 21.184], [76.111, 21.161], [76.168, 21.079], [76.375, 21.073], [76.456, 21.108], [76.493, 21.194], [76.623, 21.185], [76.663, 21.276], [76.622, 21.332], [76.784, 21.462], [76.763, 21.521], [76.795, 21.594], [76.902, 21.597], [77.073, 21.719], [77.176, 21.726], [77.21, 21.69], [77.287, 21.722], [77.29, 21.76], [77.479, 21.77], [77.543, 21.704], [77.577, 21.555], [77.611, 21.539], [77.426, 21.538], [77.488, 21.374], [77.532, 21.419], [77.587, 21.363], [77.692, 21.398], [77.737, 21.362], [77.801, 21.41], [77.941, 21.386], [78.176, 21.5], [78.182, 21.557], [78.266, 21.592], [78.363, 21.575], [78.387, 21.615], [78.427, 21.599], [78.45, 21.496], [78.512, 21.529], [78.728, 21.462], [78.751, 21.493], [78.776, 21.465], [78.937, 21.486], [78.914, 21.589], [78.976, 21.618], [79.094, 21.598], [79.148, 21.661], [79.224, 21.649], [79.231, 21.722], [79.496, 21.674], [79.541, 21.543], [79.738, 21.604], [79.891, 21.518], [79.936, 21.556], [80.067, 21.554], [80.193, 21.635], [80.253, 21.625], [80.377, 21.522], [80.412, 21.377], [80.528, 21.395], [80.6, 21.327], [80.671, 21.338], [80.738, 21.473], [80.726, 21.714], [80.756, 21.762], [80.82, 21.748], [80.853, 21.873], [80.825, 21.958], [80.908, 22.11], [81.006, 22.063], [80.978, 22.12], [81.022, 22.133], [81.019, 22.221], [81.119, 22.291], [81.111, 22.438], [81.173, 22.488], [81.232, 22.452], [81.281, 22.503], [81.314, 22.483], [81.327, 22.526], [81.382, 22.51], [81.407, 22.441], [81.522, 22.539], [81.622, 22.538], [81.683, 22.647], [81.772, 22.668], [81.776, 22.874], [81.946, 22.957], [81.942, 23.079], [82.122, 23.104], [82.161, 23.143], [82.145, 23.227], [82.194, 23.324], [82.103, 23.398], [82.056, 23.377], [82.025, 23.425], [81.985, 23.414], [81.923, 23.533], [81.836, 23.511], [81.747, 23.57], [81.637, 23.49], [81.612, 23.51], [81.577, 23.585], [81.696, 23.721], [81.603, 23.854], [81.609, 23.903], [81.669, 23.925], [81.725, 23.84], [81.816, 23.806], [81.921, 23.871], [82.054, 23.818], [82.212, 23.852], [82.232, 23.805], [82.523, 23.784], [82.551, 23.791], [82.533, 23.822], [82.635, 23.838], [82.662, 23.908], [82.813, 23.96], [82.804, 24.004], [82.751, 24.012], [82.774, 24.076], [82.714, 24.076], [82.664, 24.129], [82.728, 24.135], [82.773, 24.307], [82.769, 24.371], [82.713, 24.38], [82.744, 24.495], [82.719, 24.552], [82.808, 24.549], [82.803, 24.597], [82.765, 24.596], [82.774, 24.642], [82.707, 24.636], [82.671, 24.697], [82.54, 24.648], [82.43, 24.703], [82.416, 24.591], [82.297, 24.606], [82.303, 24.667], [82.23, 24.682], [82.251, 24.77], [82.207, 24.747], [82.221, 24.722], [82.177, 24.732], [82.218, 24.777], [82.184, 24.796], [82.204, 24.819], [82.116, 24.784], [82.017, 24.846], [81.965, 24.827], [81.903, 24.892], [81.907, 25.006], [81.792, 25.004], [81.667, 25.075], [81.611, 25.057], [81.626, 25.16], [81.574, 25.192], [81.515, 25.184], [81.537, 25.161], [81.48, 25.133], [81.518, 25.101], [81.491, 25.072], [81.407, 25.105], [81.439, 25.13], [81.335, 25.169], [81.321, 25.113], [81.313, 25.164], [81.278, 25.166], [81.264, 25.053], [81.209, 24.993], [81.22, 24.929], [81.168, 24.955], [81.14, 24.888], [81.085, 24.95], [80.957, 24.918], [80.946, 24.966], [80.812, 24.923], [80.792, 24.965], [80.852, 24.988], [80.832, 25.033], [80.913, 25.159], [80.885, 25.188], [80.838, 25.18], [80.83, 25.1], [80.808, 25.137], [80.704, 25.128], [80.776, 25.055], [80.68, 25.048], [80.685, 25.077], [80.608, 25.098], [80.638, 25.117], [80.602, 25.15], [80.613, 25.066], [80.48, 25.096], [80.549, 25.002], [80.437, 24.994], [80.449, 25.041], [80.502, 25.037], [80.448, 25.079], [80.374, 25.056], [80.396, 25.01], [80.331, 24.992], [80.274, 25.026], [80.286, 25.056], [80.355, 25.056], [80.355, 25.138], [80.432, 25.178], [80.403, 25.244], [80.311, 25.286], [80.315, 25.389], [80.264, 25.424], [80.202, 25.414], [80.131, 25.334], [80.033, 25.342], [80.005, 25.266], [79.851, 25.236], [79.882, 25.142], [79.851, 25.094], [79.748, 25.139], [79.601, 25.127], [79.569, 25.172], [79.492, 25.08], [79.477, 25.127], [79.406, 25.106], [79.39, 25.17], [79.494, 25.267], [79.409, 25.256], [79.369, 25.292], [79.363, 25.262], [79.352, 25.33], [79.3, 25.338], [79.263, 25.272], [79.347, 25.267], [79.352, 25.212], [79.279, 25.245], [79.323, 25.15], [79.283, 25.118], [79.249, 25.16], [79.245, 25.114], [79.192, 25.146], [79.174, 25.108], [79.124, 25.111], [79.091, 25.191], [79.031, 25.138], [79.064, 25.222], [79.013, 25.274], [78.975, 25.24], [79.006, 25.195], [78.954, 25.219], [78.882, 25.157], [78.88, 25.252], [78.98, 25.279], [78.961, 25.345], [78.882, 25.344], [78.85, 25.229], [78.809, 25.271], [78.829, 25.303], [78.792, 25.308], [78.88, 25.386], [78.953, 25.4], [78.896, 25.374], [78.939, 25.347], [78.989, 25.374], [78.967, 25.435], [78.909, 25.442], [78.952, 25.549], [78.893, 25.555], [78.833, 25.503], [78.866, 25.466], [78.847, 25.429], [78.841, 25.461], [78.733, 25.489], [78.762, 25.427], [78.821, 25.423], [78.75, 25.411], [78.775, 25.353], [78.659, 25.385], [78.711, 25.428], [78.66, 25.442], [78.636, 25.401], [78.567, 25.394], [78.583, 25.347], [78.532, 25.357], [78.531, 25.3], [78.502, 25.321], [78.435, 25.284], [78.578, 25.255], [78.556, 25.211], [78.653, 25.051], [78.632, 24.958], [78.79, 24.811], [78.752, 24.6], [78.883, 24.641], [78.972, 24.494], [78.921, 24.5], [78.914, 24.46], [78.994, 24.423], [78.971, 24.348], [78.882, 24.217], [78.806, 24.178], [78.762, 24.26], [78.669, 24.24], [78.518, 24.388], [78.385, 24.27], [78.329, 24.327], [78.366, 24.386], [78.226, 24.52], [78.264, 24.552], [78.277, 24.663], [78.169, 24.863], [78.334, 24.995], [78.339, 25.087], [78.447, 25.122], [78.427, 25.154], [78.458, 25.164], [78.396, 25.187], [78.355, 25.292], [78.312, 25.303], [78.344, 25.328], [78.305, 25.377], [78.355, 25.452], [78.431, 25.474], [78.444, 25.563], [78.659, 25.56], [78.812, 25.621], [78.817, 25.676], [78.753, 25.75], [78.829, 25.796], [78.818, 25.829], [78.872, 25.801], [78.852, 25.857], [79.012, 26.083], [78.949, 26.129], [79.026, 26.192], [78.989, 26.235], [79.063, 26.226], [79.046, 26.26], [79.139, 26.338], [79.084, 26.359], [79.135, 26.44], [79.053, 26.454], [79.068, 26.497], [78.99, 26.578], [79.004, 26.674], [78.945, 26.655], [78.956, 26.692], [78.872, 26.698], [78.723, 26.797], [78.577, 26.749], [78.399, 26.818], [78.373, 26.862]], [[75.226, 24.845], [75.208, 24.894], [75.251, 24.881], [75.226, 24.845]], [[79.399, 25.034], [79.356, 25.04], [79.36, 25.144], [79.426, 25.059], [79.399, 25.034]], [[79.367, 25.172], [79.354, 25.176], [79.36, 25.189], [79.367, 25.172]]]]}, "properties": {"OBJECTID": 36, "STNAME": "Madhya Pradesh", "STCODE11": "23", "STNAME_SH": "MADHYA PRADESH", "State_LGD": 23, "Shape_Length": 8248482.531192071, "Shape_Area": 368622368282.33374, "Remarks": "", "Zone": "Central Zone"}}, {"type": "Feature", "id": 37, "geometry": {"type": "MultiPolygon", "coordinates": [[[[72.971, 20.332], [72.953, 20.314], [72.971, 20.297], [72.971, 20.332]]], [[[73.097, 20.36], [73.034, 20.292], [73.006, 20.313], [72.971, 20.269], [72.912, 20.27], [72.966, 20.225], [72.97, 20.116], [72.999, 20.143], [73.04, 20.066], [73.064, 20.1], [73.191, 20.05], [73.214, 20.119], [73.185, 20.156], [73.218, 20.186], [73.138, 20.208], [73.116, 20.152], [73.06, 20.162], [73.064, 20.228], [73.166, 20.288], [73.151, 20.318], [73.103, 20.302], [73.097, 20.36]], [[72.982, 20.214], [72.979, 20.234], [73.008, 20.229], [72.982, 20.214]]], [[[72.857, 20.466], [72.825, 20.367], [72.897, 20.38], [72.904, 20.415], [72.857, 20.419], [72.888, 20.461], [72.857, 20.466]]], [[[70.928, 20.737], [70.871, 20.708], [70.977, 20.703], [71.007, 20.738], [70.928, 20.737]]], [[[71.155, 20.76], [71.151, 20.764], [71.15, 20.759], [71.155, 20.76]]], [[[71.15, 20.771], [71.146, 20.771], [71.148, 20.758], [71.15, 20.771]]]]}, "properties": {"OBJECTID": 37, "STNAME": "Dadra,Nagar Haveli,Daman & Diu", "STCODE11": "39", "STNAME_SH": "DADRA,NAGAR HAVELI,DAMAN & DIU", "State_LGD": 38, "Shape_Length": 345132.9254204254, "Shape_Area": 670345683.5158503, "Remarks": "", "Zone": "West Zone"}}]}